# Blender v2.80 (sub 75) OBJ File: 'stylized_sword.blend'
# www.blender.org
mtllib stylized_sword.mtl
o stylized_sword_Plane.000
v -0.011911 -1.915470 0.111725
v -0.018395 -1.286913 0.111725
v 0.043473 -1.022964 0.111725
v 0.201916 -0.610258 0.111725
v 0.488079 -0.206168 0.111725
v 0.544266 0.090125 0.111725
v 0.596448 0.452977 0.111725
v 0.639553 0.915333 0.111494
v 0.670999 1.666928 0.107681
v 0.670314 1.914125 0.105712
v 0.661763 1.256339 0.110851
v 0.624085 2.896505 0.096531
v 0.536449 3.718675 0.088509
v 0.661801 2.238711 0.102828
v 0.646913 2.578830 0.099761
v 0.600203 3.172845 0.094011
v 0.574070 3.436843 0.091265
v 0.446817 4.263178 0.081924
v 0.328554 4.812648 0.075165
v 0.191133 5.324938 0.068345
v 0.493565 3.988808 0.085225
v 0.389464 4.539951 0.078633
v 0.259251 5.076421 0.071850
v -0.143305 6.220998 0.054965
v 0.023009 5.822228 0.061106
v -0.059032 6.027272 0.058099
v -0.235626 6.405234 0.051932
v 0.109514 5.584082 0.064675
v -0.325304 6.562617 0.048825
v -0.530347 6.857317 0.043612
v -0.415351 6.700233 0.046432
v -0.641504 6.973648 0.034055
v 0.057780 -2.182940 0.111725
v 0.167054 -2.442071 0.111725
v 0.131689 1.948118 0.084702
v 0.205800 2.900900 0.090697
v 0.180487 3.662080 0.077327
v 0.127978 4.200896 0.077602
v 0.053166 4.747183 0.071740
v -0.039052 5.261480 0.066294
v -0.165002 5.765636 0.058868
v -0.303683 6.160644 0.053456
v -0.451294 6.498426 0.046870
v -0.605947 6.792404 0.039858
v -0.040488 1.086161 0.111937
v -0.134402 0.778793 0.110359
v -0.632825 -0.005986 0.088743
v -0.710318 -0.749788 0.118979
v -0.687334 -1.075631 0.118979
v -0.800519 -1.818033 0.118979
v -0.985131 -2.323176 0.118979
v -1.222361 -2.682259 0.118979
v -1.038910 -3.276893 0.118979
v -0.761282 -3.733711 0.118979
v -0.392695 -4.090284 0.113360
v 0.097035 1.686659 0.095291
v 0.040473 1.406278 0.105211
v 0.167161 2.174407 0.089292
v 0.190432 2.439788 0.095157
v 0.212082 3.123521 0.086780
v 0.206724 3.355480 0.082681
v -0.511404 6.619848 0.044407
v -0.360689 6.307226 0.050390
v 0.163865 3.860883 0.080503
v -0.092942 5.514073 0.062737
v -0.212698 5.926448 0.056753
v 0.102413 4.414834 0.075775
v 0.019674 4.953279 0.070004
v -0.680602 6.938150 0.018284
v -0.269597 0.383249 0.111725
v 0.368807 -0.345834 0.111725
v -0.367134 0.156959 0.111386
v -0.203135 0.566409 0.110863
v -0.093409 -0.394237 0.111215
v -0.335650 -1.197285 0.115230
v 0.053513 -0.159620 0.111583
v -0.269948 -0.868785 0.114866
v -0.297393 -0.258660 0.110871
v -0.148237 -0.008405 0.111503
v -0.383806 -0.852492 0.115779
v 0.142279 0.641321 0.110683
v 0.326059 0.571671 0.111054
v 0.060988 0.393690 0.111156
v 0.258223 0.258996 0.111364
v 0.238347 1.007413 0.112002
v 0.351729 1.005756 0.111922
v 0.170338 0.059096 0.111725
v -0.030597 0.214163 0.111725
v 0.331086 1.398610 0.111432
v 0.325556 -2.923235 0.104972
v 0.327009 -2.644849 0.093632
v 0.252205 -2.563762 0.111725
v 0.126261 -0.786642 0.111725
v -0.192421 -0.609056 0.113041
v -0.760789 -0.423494 0.093049
v -0.379651 -0.508035 0.113356
v -0.039983 -1.580484 0.111725
v -0.728664 -1.442738 0.118979
v -0.134154 -0.370503 0.132516
v -0.308300 -0.837322 0.114218
v -0.026949 -0.199515 0.133098
v -0.293337 -0.775679 0.121133
v -0.244583 -0.286929 0.131073
v -0.142308 -0.113145 0.132386
v -0.313451 -0.765012 0.120854
v 0.174307 0.596273 0.124041
v 0.263439 0.550792 0.125137
v 0.104322 0.385937 0.131595
v 0.207087 0.296808 0.130879
v 0.254788 0.909118 0.116556
v 0.284250 0.916678 0.116647
v 0.152140 0.171839 0.132049
v 0.039461 0.258754 0.132633
v 0.282717 1.013545 0.112269
v -0.217810 -0.552015 0.127165
v -0.310054 -0.485365 0.128326
v 0.101570 0.210844 0.132305
v 0.156195 0.342588 0.131145
v 0.207121 0.568410 0.125062
v 0.267179 0.916956 0.116660
v -0.086844 -0.154670 0.132726
v -0.192254 -0.328435 0.132011
v -0.267533 -0.522954 0.127211
v -0.306592 -0.776338 0.121140
v -0.047362 -0.084012 0.111543
v 0.069871 0.136629 0.111725
v -0.773894 0.068449 0.056524
v -0.827123 -0.112611 0.059312
v -0.859378 0.219423 0.020912
v -0.866090 0.188433 0.021667
v -0.712701 7.038234 0.010107
v -0.696543 6.992018 0.016322
v 0.272815 -0.486969 0.111725
v -0.484811 0.045627 0.100064
v -0.019948 -0.276929 0.111399
v -0.225248 -0.132006 0.111187
v -0.072141 -0.271601 0.133200
v -0.187200 -0.185111 0.132181
v -0.129880 -0.228694 0.132679
v -0.844853 0.038173 0.040490
v -0.817176 0.138371 0.038718
v 0.069782 1.546369 0.098805
v -0.406215 -1.866752 0.115352
v 0.359367 1.538801 0.110200
v 0.054232 -3.944857 0.111975
v -0.463676 -2.253058 0.115352
v -0.527653 -2.562165 0.115352
v -0.393352 -2.920327 0.115352
v -0.246873 -3.244040 0.106305
v -0.384324 -1.511611 0.115352
v -0.651240 6.782478 0.012137
v -0.655030 6.814909 0.018911
v -0.537939 6.581672 0.022754
v -0.559453 6.647758 0.025573
v -0.521139 6.471062 0.017817
v -0.528519 6.601526 0.033740
v -0.575202 6.710021 0.036050
v -0.502322 6.516901 0.029765
v 0.030944 4.363301 0.020350
v 0.039851 4.484251 0.025310
v -0.019962 4.168082 0.011661
v 0.065912 3.871742 0.026476
v 0.100454 4.041432 0.029088
v -0.003255 3.673271 0.009299
v 0.117591 3.276764 0.029032
v 0.136872 3.373305 0.037832
v -0.000129 2.879523 0.004434
v 0.055317 3.063473 0.018917
v 0.074263 2.407905 0.037325
v 0.126122 2.577563 0.050930
v -0.088817 1.947601 0.006487
v -0.008036 2.174426 0.018050
v 0.188867 2.775693 0.077532
v 0.071234 2.019361 0.045523
v 0.153814 2.430336 0.077706
v 0.117764 2.190872 0.065012
v 0.170438 3.307395 0.058377
v 0.149579 3.005890 0.046065
v 0.178059 3.596263 0.059838
v 0.155772 3.099355 0.054848
v 0.086365 3.761820 0.032692
v 0.106930 3.866927 0.050985
v 0.113693 4.132155 0.047662
v 0.061329 4.388752 0.039680
v 0.053461 4.596440 0.043747
v 0.048357 4.234401 0.032686
v -0.359048 6.164068 0.030959
v -0.429008 6.412761 0.038851
v -0.381490 6.272285 0.035949
v -0.389088 6.105200 0.015958
v -0.415556 6.333254 0.025696
v -0.397112 6.248710 0.022157
v -0.630488 6.797205 0.019929
v -0.664727 6.872321 0.019951
v 0.151889 2.649621 0.057946
v -0.014283 2.014394 0.023206
v 0.043277 2.180135 0.034038
v 0.106512 2.418088 0.053769
v 0.142790 3.288049 0.044205
v 0.084590 2.984840 0.022882
v 0.166309 3.498140 0.045852
v 0.102896 3.075838 0.036266
v 0.041316 3.726851 0.019411
v 0.030791 3.759230 0.020134
v 0.060016 3.776441 0.026925
v -0.257034 5.871376 0.021688
v -0.272330 5.967400 0.025664
v -0.260578 5.717937 0.014722
v -0.238003 5.896826 0.037186
v -0.282346 6.057454 0.040446
v -0.227865 5.782545 0.028283
v -0.039466 4.897374 0.019031
v -0.038905 5.013739 0.025293
v -0.078914 4.713597 0.010695
v -0.012057 4.923737 0.037579
v -0.033266 5.122029 0.042984
v -0.014307 4.775132 0.030868
v -0.142744 5.411826 0.020534
v -0.148225 5.528063 0.025294
v -0.161299 5.220172 0.012198
v -0.114639 5.439538 0.032501
v -0.148216 5.636500 0.042984
v -0.109171 5.291017 0.025790
v 0.113956 -2.693976 0.147914
v -0.146222 -2.719986 0.147914
v -0.376642 -2.843583 0.147914
v -0.542224 -3.045948 0.147914
v -0.617760 -3.296275 0.147914
v -0.591750 -3.556454 0.147914
v -0.468154 -3.786874 0.147914
v -0.265788 -3.952456 0.147914
v -0.015461 -4.027992 0.147914
v 0.244717 -4.001982 0.147914
v 0.475137 -3.878386 0.147914
v 0.640720 -3.676020 0.147914
v 0.716256 -3.425693 0.147914
v 0.690246 -3.165514 0.147914
v 0.566649 -2.935094 0.147914
v 0.364283 -2.769512 0.147914
v 0.105667 -2.779423 0.189909
v -0.121182 -2.802100 0.189909
v -0.322084 -2.909863 0.189909
v -0.466455 -3.086306 0.189909
v -0.532314 -3.304565 0.189909
v -0.509636 -3.531414 0.189909
v -0.401873 -3.732316 0.189909
v -0.225431 -3.876687 0.189909
v -0.007172 -3.942547 0.189909
v 0.219677 -3.919868 0.189909
v 0.420579 -3.812106 0.189909
v 0.564950 -3.635664 0.189909
v 0.630810 -3.417404 0.189909
v 0.608132 -3.190555 0.189909
v 0.500368 -2.989653 0.189909
v 0.323926 -2.845282 0.189909
v 0.095673 -2.882445 0.189909
v -0.090991 -2.901105 0.189909
v -0.256304 -2.989778 0.189909
v -0.375099 -3.134964 0.189909
v -0.429292 -3.314559 0.189909
v -0.410631 -3.501223 0.189909
v -0.321958 -3.666536 0.189909
v -0.176773 -3.785331 0.189909
v 0.002823 -3.839524 0.189909
v 0.189486 -3.820863 0.189909
v 0.354799 -3.732191 0.189909
v 0.473595 -3.587004 0.189909
v 0.527787 -3.407409 0.189909
v 0.509127 -3.220746 0.189909
v 0.420454 -3.055433 0.189909
v 0.275268 -2.936637 0.189909
v 0.094326 -2.896322 0.182168
v -0.086924 -2.914441 0.182168
v -0.247443 -3.000543 0.182168
v -0.362794 -3.141518 0.182168
v -0.415415 -3.315906 0.182168
v -0.397296 -3.497156 0.182168
v -0.311194 -3.657676 0.182168
v -0.170218 -3.773026 0.182168
v 0.004169 -3.825647 0.182168
v 0.185419 -3.807528 0.182168
v 0.345939 -3.721426 0.182168
v 0.461289 -3.580451 0.182168
v 0.513911 -3.406063 0.182168
v 0.495791 -3.224813 0.182168
v 0.409689 -3.064293 0.182168
v 0.268714 -2.948942 0.182168
v 0.064702 -3.201682 0.175133
v 0.002563 -3.207894 0.175133
v -0.052468 -3.237413 0.175133
v -0.092014 -3.285744 0.175133
v -0.110054 -3.345530 0.175133
v -0.103842 -3.407669 0.175133
v -0.074324 -3.462700 0.175133
v -0.025993 -3.502246 0.175133
v 0.033793 -3.520286 0.175133
v 0.095932 -3.514074 0.175133
v 0.150963 -3.484556 0.175133
v 0.190509 -3.436225 0.175133
v 0.208550 -3.376439 0.175133
v 0.202338 -3.314300 0.175133
v 0.172819 -3.259269 0.175133
v 0.124488 -3.219722 0.175133
v 0.062593 -3.223424 0.196054
v 0.008935 -3.228787 0.196054
v -0.038586 -3.254278 0.196054
v -0.072735 -3.296012 0.196054
v -0.088313 -3.347639 0.196054
v -0.082949 -3.401297 0.196054
v -0.057459 -3.448818 0.196054
v -0.015724 -3.482967 0.196054
v 0.035902 -3.498545 0.196054
v 0.089560 -3.493181 0.196054
v 0.137081 -3.467691 0.196054
v 0.171230 -3.425956 0.196054
v 0.186808 -3.374330 0.196054
v 0.181444 -3.320671 0.196054
v 0.155954 -3.273151 0.196054
v 0.114219 -3.239002 0.196054
v 0.049248 -3.360984 0.196054
v -0.011499 -4.308489 0.132276
v -0.327897 -4.346991 0.132276
v -0.612801 -4.458747 0.109735
v -0.844213 -4.622557 0.059982
v -0.948772 -4.777177 0.044752
v -0.998648 -4.783192 0.044752
v -0.947020 -4.571243 0.062880
v -0.713334 -4.220714 0.127700
v -0.447041 -4.019635 0.132276
v -0.129119 -3.929965 0.132276
v 0.391550 -3.690220 0.102714
v -0.382116 -3.834852 0.152126
v 0.429984 -4.122430 0.102713
v -0.197119 -4.127152 0.152126
v 0.346812 -5.071373 0.091376
v 0.422593 -4.614503 0.095449
v -0.082336 -4.573786 0.144862
v 0.207388 -5.468186 0.086626
v -0.070136 -4.987600 0.140789
v -0.133542 -5.370483 0.136039
v -0.181289 -6.165676 0.074956
v -0.402407 -6.198069 0.124369
v 0.430054 -3.687254 0.041332
v -0.410935 -3.846848 0.080267
v 0.468487 -4.119465 0.041332
v -0.225937 -4.139149 0.080267
v 0.461096 -4.611537 0.036895
v -0.112898 -4.578523 0.075830
v 0.385315 -5.068408 0.034407
v -0.101151 -4.990453 0.073343
v 0.245891 -5.465220 0.030958
v -0.164623 -5.373058 0.069894
v -0.142672 -6.165489 0.020791
v -0.433623 -6.198221 0.059726
v 0.110477 -3.750672 0.149476
v 0.171928 -4.134503 0.149476
v 0.193800 -4.595729 0.142211
v 0.054188 -5.417210 0.133388
v 0.153755 -5.028963 0.138138
v -0.284413 -6.169859 0.121718
v -0.037202 -6.458774 0.049928
v -0.191610 -6.514252 0.081031
v -0.017154 -6.450013 0.022351
v -0.209016 -6.517383 0.044409
v -0.113328 -6.485281 0.079529
v -0.005427 -6.731927 0.022359
v -0.105302 -6.741085 0.042006
v 0.006846 -6.729997 0.011415
v -0.115222 -6.742644 0.022914
v -0.051087 -6.735833 0.041223
v -0.010962 -6.886878 0.011756
v -0.064767 -6.892576 0.022757
v -0.004747 -6.885613 0.004873
v -0.070072 -6.893530 0.011596
v -0.035751 -6.889274 0.022300
v -0.033143 -6.976447 0.007161
v -0.020053 -6.974929 0.003261
v -0.034299 -6.976655 0.004727
v -0.026815 -6.975727 0.007061
v -0.027176 -6.975792 0.003994
v -0.150724 -6.163263 0.014334
v -0.021061 -6.445602 0.014334
v 0.141223 -6.163891 0.014334
v 0.037887 -5.911255 0.014334
v -0.030050 -6.167822 0.084988
v -0.012489 -6.208031 0.084988
v 0.011472 -6.168426 0.084988
v -0.002963 -6.130922 0.084988
v -0.313849 -6.349566 0.052067
v -0.191400 -6.319334 0.100624
v -0.289539 -6.347924 0.102700
v -0.072443 -6.299515 0.021571
v -0.101776 -6.303988 0.062442
v -0.149262 -6.612981 0.063262
v -0.163373 -6.615204 0.034687
v -0.017399 -6.581957 0.037418
v -0.080460 -6.596509 0.062091
v -0.000638 -6.576749 0.017475
v -0.308458 -5.995906 0.127134
v -0.096660 -6.060233 0.077722
v -0.061606 -6.063633 0.023556
v -0.336794 -5.993157 0.062492
v -0.188601 -6.021786 0.124484
v 0.067178 -5.801389 0.082174
v -0.204505 -5.705846 0.131587
v 0.103894 -5.803555 0.027257
v -0.234167 -5.704185 0.066193
v -0.052851 -5.750246 0.128936
v 0.146555 -3.933813 0.132276
v 0.450054 -3.847607 0.132276
v 0.719078 -3.753241 0.131169
v 0.954374 -3.583794 0.093619
v 1.193212 -3.302404 0.047010
v 1.259415 -3.309624 0.047010
v 1.083071 -3.674628 0.097097
v 0.831746 -4.037307 0.132276
v 0.541862 -4.234107 0.132276
v 0.233383 -4.299740 0.132276
v 0.148588 -5.448621 0.108993
v -0.220869 -6.167281 0.097323
v 0.283671 -3.713422 0.125081
v 0.330940 -4.127064 0.125081
v 0.334780 -4.607298 0.117816
v 0.272715 -5.055095 0.113743
v -0.066420 -6.468947 0.065709
v -0.022951 -6.733427 0.034019
v -0.020690 -6.887746 0.018087
v -0.023530 -6.975393 0.006142
v -0.021453 -6.975528 0.004941
v -0.136174 -6.309878 0.081516
v -0.041602 -6.587543 0.051307
v -0.131948 -6.045476 0.100089
v 0.021110 -5.781760 0.104541
v 0.065476 1.855971 0.000000
v 0.161400 2.878394 0.000000
v 0.138346 3.646439 0.000000
v 0.100204 4.159521 0.000000
v 0.034975 4.706525 0.000000
v -0.185074 5.732282 0.000000
v -0.609046 6.761054 0.000000
v -0.101142 1.096862 0.000000
v -0.190000 0.807657 0.000000
v -0.651816 0.048159 -0.000000
v -0.784656 -0.741252 -0.000000
v -0.763811 -1.067472 -0.000000
v -0.882224 -1.809112 -0.000000
v -1.070369 -2.312953 -0.000000
v -1.310107 -2.670363 -0.000000
v -1.130825 -3.266266 -0.000000
v -0.856402 -3.725017 -0.000000
v -0.495504 -4.091353 -0.000000
v 0.365795 -2.866177 -0.000000
v 0.265797 -2.214531 -0.000000
v 0.219841 -1.932069 -0.000000
v 0.258924 -1.322580 -0.000000
v 0.322862 -1.114410 -0.000000
v 0.486011 -0.756190 -0.000000
v 0.777225 -0.371342 -0.000000
v 0.833714 -0.065378 0.000000
v 0.890912 0.345233 0.000000
v 0.932037 0.789822 0.000000
v 0.962169 1.561133 0.000000
v 0.959728 1.906753 0.000000
v 0.664469 4.281888 0.000000
v 0.512207 4.883343 0.000000
v 0.350718 5.385064 0.000000
v -0.038317 6.273770 0.000000
v -0.255594 6.614846 0.000000
v -0.497887 6.890755 0.000000
v 0.039409 1.689119 0.000000
v -0.018926 1.409193 0.000000
v 0.114550 2.622866 0.000000
v 0.030171 2.398029 0.000000
v -0.462923 6.483860 0.000000
v 0.075372 3.272892 0.000000
v 0.041229 3.871269 0.000000
v 0.004418 4.371720 0.000000
v -0.691242 6.938009 0.000000
v 0.155062 5.881657 0.000000
v 0.894006 2.917276 0.000000
v 0.778562 3.735485 0.000000
v 0.724052 4.006444 0.000000
v 0.591299 4.583538 0.000000
v 0.434558 5.135968 0.000000
v 0.061875 6.076643 0.000000
v -0.143793 6.452938 0.000000
v -0.355135 6.745135 0.000000
v -0.628283 6.992959 0.000000
v 0.256961 5.636252 0.000000
v 0.949474 2.241655 0.000000
v 0.929758 2.575461 0.000000
v 0.859565 3.189344 0.000000
v 0.817209 3.461572 0.000000
v 0.955141 1.202737 0.000000
v -0.011911 -1.915470 -0.111725
v -0.018395 -1.286913 -0.111725
v 0.043473 -1.022964 -0.111725
v 0.201916 -0.610258 -0.111725
v 0.488079 -0.206168 -0.111725
v 0.544266 0.090125 -0.111725
v 0.596448 0.452977 -0.111725
v 0.639553 0.915333 -0.111494
v 0.670999 1.666928 -0.107681
v 0.670314 1.914125 -0.105712
v 0.661763 1.256339 -0.110851
v 0.624085 2.896505 -0.096531
v 0.536449 3.718675 -0.088509
v 0.661801 2.238711 -0.102828
v 0.646913 2.578830 -0.099761
v 0.600203 3.172845 -0.094011
v 0.574070 3.436843 -0.091265
v 0.446817 4.263178 -0.081923
v 0.328554 4.812648 -0.075165
v 0.191133 5.324938 -0.068344
v 0.493565 3.988808 -0.085225
v 0.389464 4.539951 -0.078633
v 0.259251 5.076421 -0.071849
v -0.143305 6.220998 -0.054964
v 0.023009 5.822228 -0.061105
v -0.059032 6.027272 -0.058099
v -0.235626 6.405234 -0.051932
v 0.109514 5.584082 -0.064675
v -0.325304 6.562617 -0.048824
v -0.530347 6.857317 -0.043611
v -0.415351 6.700233 -0.046431
v -0.641504 6.973648 -0.034055
v 0.057780 -2.182940 -0.111725
v 0.305387 -2.409555 -0.000000
v 0.167054 -2.442071 -0.111725
v 0.131689 1.948118 -0.084702
v 0.205800 2.900900 -0.090696
v 0.180487 3.662080 -0.077326
v 0.127978 4.200896 -0.077602
v 0.053166 4.747183 -0.071739
v -0.039052 5.261480 -0.066294
v -0.165002 5.765636 -0.058868
v -0.303683 6.160644 -0.053456
v -0.451294 6.498426 -0.046870
v -0.605947 6.792404 -0.039857
v -0.040488 1.086161 -0.111937
v -0.134402 0.778793 -0.110359
v -0.632825 -0.005986 -0.088743
v -0.710318 -0.749788 -0.118979
v -0.687334 -1.075631 -0.118979
v -0.800519 -1.818033 -0.118979
v -0.985131 -2.323176 -0.118979
v -1.222361 -2.682259 -0.118979
v -1.038910 -3.276893 -0.118979
v -0.761282 -3.733711 -0.118979
v -0.392695 -4.090284 -0.113361
v 0.097035 1.686659 -0.095291
v 0.040473 1.406278 -0.105211
v 0.167161 2.174407 -0.089292
v 0.190432 2.439788 -0.095157
v 0.212082 3.123521 -0.086780
v 0.206724 3.355480 -0.082681
v -0.511404 6.619848 -0.044406
v -0.360689 6.307226 -0.050390
v 0.163865 3.860883 -0.080502
v -0.092942 5.514073 -0.062737
v -0.212698 5.926448 -0.056752
v 0.102413 4.414834 -0.075774
v 0.019674 4.953279 -0.070004
v -0.680602 6.938150 -0.018283
v -0.269597 0.383249 -0.111725
v 0.658625 -0.507607 -0.000000
v 0.368807 -0.345834 -0.111725
v -0.367134 0.156959 -0.111386
v -0.335886 0.388323 0.000000
v -0.203135 0.566409 -0.110863
v -0.260039 0.595132 0.000000
v -0.434317 0.162916 0.000000
v -0.093409 -0.394237 -0.111215
v -0.335650 -1.197285 -0.115230
v 0.053513 -0.159620 -0.111584
v -0.269948 -0.868785 -0.114866
v -0.297393 -0.258660 -0.110871
v -0.148237 -0.008405 -0.111503
v -0.383806 -0.852492 -0.115779
v 0.142279 0.641321 -0.110683
v 0.326059 0.571671 -0.111054
v 0.060988 0.393690 -0.111156
v 0.258223 0.258996 -0.111364
v 0.238347 1.007413 -0.112002
v 0.351729 1.005756 -0.111922
v 0.170338 0.059096 -0.111725
v -0.030597 0.214163 -0.111725
v 0.331086 1.398610 -0.111432
v 0.325556 -2.923235 -0.104972
v 0.370153 -2.663946 -0.000000
v 0.327009 -2.644849 -0.093632
v 0.343059 -2.566890 -0.000000
v 0.252205 -2.563762 -0.111725
v 0.408944 -0.909590 -0.000000
v 0.126261 -0.786642 -0.111725
v -0.192421 -0.609056 -0.113041
v -0.760789 -0.423494 -0.093049
v -0.824823 -0.410122 -0.000000
v -0.379651 -0.508035 -0.113356
v -0.807756 -1.434199 -0.000000
v 0.218688 -1.604520 -0.000000
v -0.039983 -1.580484 -0.111725
v -0.728664 -1.442738 -0.118979
v -0.134154 -0.370503 -0.132516
v -0.308300 -0.837322 -0.114218
v -0.026949 -0.199515 -0.133098
v -0.293337 -0.775679 -0.121133
v -0.244583 -0.286929 -0.131073
v -0.142308 -0.113145 -0.132386
v -0.313451 -0.765012 -0.120854
v 0.139606 0.609617 -0.079796
v 0.263439 0.550792 -0.125137
v 0.104322 0.385937 -0.131595
v 0.241076 0.268379 -0.082594
v 0.254788 0.909118 -0.116556
v 0.284250 0.916678 -0.116647
v 0.152140 0.171839 -0.132049
v 0.039461 0.258754 -0.132633
v 0.282717 1.013545 -0.112268
v -0.217810 -0.552015 -0.127165
v -0.310054 -0.485365 -0.128326
v 0.101570 0.210844 -0.132305
v 0.156195 0.342588 -0.131145
v 0.207121 0.568410 -0.125062
v 0.267179 0.916956 -0.116660
v -0.086844 -0.154670 -0.132726
v -0.192254 -0.328435 -0.132011
v -0.267533 -0.522954 -0.127211
v -0.306592 -0.776338 -0.121140
v -0.047362 -0.084012 -0.111543
v 0.069871 0.136629 -0.111725
v -0.762699 0.115122 0.000000
v -0.773894 0.068449 -0.056524
v -0.827123 -0.112611 -0.059312
v -0.874244 -0.104796 -0.000000
v -0.875330 0.277871 0.000000
v -0.859378 0.219423 -0.020912
v -0.866090 0.188433 -0.021667
v -0.888131 0.192314 0.000000
v -0.707309 6.990915 0.000000
v -0.725399 7.058049 0.000000
v -0.712701 7.038234 -0.010107
v -0.696543 6.992018 -0.016322
v 0.559963 -0.641832 -0.000000
v 0.272815 -0.486969 -0.111725
v -0.484811 0.045627 -0.100064
v -0.527898 0.075678 0.000000
v -0.019948 -0.276929 -0.111399
v -0.225248 -0.132006 -0.111187
v -0.072141 -0.271601 -0.133200
v -0.187200 -0.185111 -0.132181
v -0.129880 -0.228694 -0.132679
v -0.821309 0.190669 0.000000
v -0.844853 0.038173 -0.040490
v -0.881187 0.043759 -0.000000
v -0.817176 0.138371 -0.038718
v 0.011269 1.549056 0.000000
v 0.069782 1.546369 -0.098805
v -0.406215 -1.866752 -0.115352
v 0.359367 1.538801 -0.110200
v 0.054232 -3.944857 -0.111976
v -0.463676 -2.253058 -0.115352
v -0.527653 -2.562165 -0.115352
v -0.393352 -2.920327 -0.115352
v -0.246873 -3.244040 -0.106306
v -0.384324 -1.511611 -0.115352
v -0.659099 6.744171 0.000000
v -0.665493 6.810576 0.000000
v -0.651240 6.782478 -0.012137
v -0.655030 6.814909 -0.018910
v -0.553724 6.580705 0.000000
v -0.578552 6.683283 0.000000
v -0.523741 6.426239 0.000000
v -0.537939 6.581672 -0.022754
v -0.559453 6.647758 -0.025572
v -0.521139 6.471062 -0.017816
v -0.495831 6.490677 0.000000
v -0.528519 6.601526 -0.033739
v -0.575202 6.710021 -0.036050
v -0.502322 6.516901 -0.029764
v -0.591908 6.724611 0.000000
v -0.447340 6.438903 0.000000
v 0.031015 4.554673 0.000000
v -0.065119 4.065100 0.000000
v 0.030944 4.363301 -0.020349
v 0.039851 4.484251 -0.025309
v -0.019962 4.168082 -0.011661
v 0.084420 4.035902 0.000000
v -0.068013 3.516871 0.000000
v 0.065912 3.871742 -0.026476
v 0.100454 4.041432 -0.029088
v -0.003255 3.673271 -0.009299
v 0.117889 3.424494 0.000000
v -0.084974 2.695755 0.000000
v 0.021341 3.075822 0.000000
v 0.117591 3.276764 -0.029031
v 0.136872 3.373305 -0.037832
v -0.000129 2.879523 -0.004433
v 0.055317 3.063473 -0.018916
v -0.223623 1.691815 0.000000
v -0.062816 2.131761 0.000000
v 0.074263 2.407905 -0.037324
v 0.126122 2.577563 -0.050929
v -0.088817 1.947601 -0.006487
v -0.008036 2.174426 -0.018050
v 0.188867 2.775693 -0.077532
v 0.071234 2.019361 -0.045523
v 0.024850 1.893447 0.000000
v 0.153814 2.430336 -0.077706
v 0.117764 2.190872 -0.065012
v 0.170679 2.805549 0.000000
v 0.170438 3.307395 -0.058376
v 0.149579 3.005890 -0.046064
v 0.129216 2.901482 0.000000
v 0.178059 3.596263 -0.059838
v 0.156360 3.577806 0.000000
v 0.155772 3.099355 -0.054848
v 0.082347 3.681290 0.000000
v 0.086365 3.761820 -0.032692
v 0.106930 3.866927 -0.050984
v 0.113693 4.132155 -0.047662
v 0.098742 4.116323 0.000000
v 0.042392 4.187239 0.000000
v 0.061329 4.388752 -0.039680
v 0.053461 4.596440 -0.043746
v 0.048357 4.234401 -0.032686
v 0.039248 4.638875 0.000000
v -0.359048 6.164068 -0.030959
v -0.429008 6.412761 -0.038850
v -0.381490 6.272285 -0.035949
v -0.353561 6.130596 0.000000
v -0.389088 6.105200 -0.015957
v -0.415556 6.333254 -0.025695
v -0.397112 6.248710 -0.022156
v -0.396851 6.049364 0.000000
v -0.435889 6.379635 0.000000
v -0.416965 6.249088 0.000000
v -0.314878 6.129561 0.000000
v -0.630488 6.797205 -0.019928
v -0.664727 6.872321 -0.019950
v -0.677339 6.871582 0.000000
v -0.632335 6.772688 0.000000
v 0.151889 2.649621 -0.057945
v -0.014283 2.014394 -0.023205
v -0.088871 1.846793 0.000000
v 0.043277 2.180135 -0.034038
v 0.106512 2.418088 -0.053768
v 0.146194 2.728925 0.000000
v 0.142790 3.288049 -0.044205
v 0.033315 2.852953 0.000000
v 0.084590 2.984840 -0.022882
v 0.166309 3.498140 -0.045851
v 0.144354 3.508689 0.000000
v 0.102896 3.075838 -0.036266
v 0.010452 3.631440 0.000000
v 0.041316 3.726851 -0.019410
v 0.030791 3.759230 -0.020134
v -0.011074 3.711941 0.000000
v 0.060016 3.776441 -0.026925
v -0.279282 5.873067 0.000000
v -0.292179 6.020731 0.000000
v -0.274330 5.655935 0.000000
v -0.257034 5.871376 -0.021687
v -0.272330 5.967400 -0.025664
v -0.260578 5.717937 -0.014721
v -0.215715 5.736088 0.000000
v -0.238003 5.896826 -0.037185
v -0.282346 6.057454 -0.040446
v -0.227865 5.782545 -0.028282
v -0.301243 6.087953 0.000000
v -0.063245 5.225512 0.000000
v -0.065412 4.903686 0.000000
v -0.052002 5.080569 0.000000
v -0.101092 4.634421 0.000000
v -0.039466 4.897374 -0.019031
v -0.038905 5.013739 -0.025293
v -0.078914 4.713597 -0.010695
v -0.016911 4.729593 0.000000
v -0.012057 4.923737 -0.037579
v -0.033266 5.122029 -0.042984
v -0.014307 4.775132 -0.030868
v -0.049667 5.161713 0.000000
v -0.168982 5.416783 0.000000
v -0.164773 5.594123 0.000000
v -0.184123 5.147880 0.000000
v -0.142744 5.411826 -0.020534
v -0.148225 5.528063 -0.025293
v -0.161299 5.220172 -0.012198
v -0.111509 5.245442 0.000000
v -0.114639 5.439538 -0.032500
v -0.148216 5.636500 -0.042984
v -0.109171 5.291017 -0.025789
v -0.166654 5.675278 0.000000
v 0.113956 -2.693976 -0.147915
v -0.146222 -2.719986 -0.147915
v -0.376642 -2.843583 -0.147915
v -0.542224 -3.045948 -0.147915
v -0.617760 -3.296275 -0.147915
v -0.591750 -3.556454 -0.147915
v -0.468154 -3.786874 -0.147915
v -0.265788 -3.952456 -0.147915
v -0.015461 -4.027992 -0.147915
v 0.244717 -4.001982 -0.147915
v 0.475137 -3.878386 -0.147915
v 0.640720 -3.676020 -0.147915
v 0.716256 -3.425693 -0.147915
v 0.690246 -3.165514 -0.147915
v 0.566649 -2.935094 -0.147915
v 0.364283 -2.769512 -0.147915
v 0.105667 -2.779423 -0.189909
v -0.121182 -2.802100 -0.189909
v -0.322084 -2.909863 -0.189909
v -0.466455 -3.086306 -0.189909
v -0.532314 -3.304565 -0.189909
v -0.509636 -3.531414 -0.189909
v -0.401873 -3.732316 -0.189909
v -0.225431 -3.876687 -0.189909
v -0.007172 -3.942547 -0.189909
v 0.219677 -3.919868 -0.189909
v 0.420579 -3.812106 -0.189909
v 0.564950 -3.635664 -0.189909
v 0.630810 -3.417404 -0.189909
v 0.608132 -3.190555 -0.189909
v 0.500368 -2.989653 -0.189909
v 0.323926 -2.845282 -0.189909
v 0.095673 -2.882445 -0.189909
v -0.090991 -2.901105 -0.189909
v -0.256304 -2.989778 -0.189909
v -0.375099 -3.134964 -0.189909
v -0.429292 -3.314559 -0.189909
v -0.410631 -3.501223 -0.189909
v -0.321958 -3.666536 -0.189909
v -0.176773 -3.785331 -0.189909
v 0.002823 -3.839524 -0.189909
v 0.189486 -3.820863 -0.189909
v 0.354799 -3.732191 -0.189909
v 0.473595 -3.587004 -0.189909
v 0.527787 -3.407409 -0.189909
v 0.509127 -3.220746 -0.189909
v 0.420454 -3.055433 -0.189909
v 0.275268 -2.936637 -0.189909
v 0.094326 -2.896322 -0.182168
v -0.086924 -2.914441 -0.182168
v -0.247443 -3.000543 -0.182168
v -0.362794 -3.141518 -0.182168
v -0.415415 -3.315906 -0.182168
v -0.397296 -3.497156 -0.182168
v -0.311194 -3.657676 -0.182168
v -0.170218 -3.773026 -0.182168
v 0.004169 -3.825647 -0.182168
v 0.185419 -3.807528 -0.182168
v 0.345939 -3.721426 -0.182168
v 0.461289 -3.580451 -0.182168
v 0.513911 -3.406063 -0.182168
v 0.495791 -3.224813 -0.182168
v 0.409689 -3.064293 -0.182168
v 0.268714 -2.948942 -0.182168
v 0.064702 -3.201682 -0.175134
v 0.002563 -3.207894 -0.175134
v -0.052468 -3.237413 -0.175134
v -0.092014 -3.285744 -0.175134
v -0.110054 -3.345530 -0.175134
v -0.103842 -3.407669 -0.175134
v -0.074324 -3.462700 -0.175134
v -0.025993 -3.502246 -0.175134
v 0.033793 -3.520286 -0.175134
v 0.095932 -3.514074 -0.175134
v 0.150963 -3.484556 -0.175134
v 0.190509 -3.436225 -0.175134
v 0.208550 -3.376439 -0.175134
v 0.202338 -3.314300 -0.175134
v 0.172819 -3.259269 -0.175134
v 0.124488 -3.219722 -0.175134
v 0.062593 -3.223424 -0.196055
v 0.008935 -3.228787 -0.196055
v -0.038586 -3.254278 -0.196055
v -0.072735 -3.296012 -0.196055
v -0.088313 -3.347639 -0.196055
v -0.082949 -3.401297 -0.196055
v -0.057459 -3.448818 -0.196055
v -0.015724 -3.482967 -0.196055
v 0.035902 -3.498545 -0.196055
v 0.089560 -3.493181 -0.196055
v 0.137081 -3.467691 -0.196055
v 0.171230 -3.425956 -0.196055
v 0.186808 -3.374330 -0.196055
v 0.181444 -3.320671 -0.196055
v 0.155954 -3.273151 -0.196055
v 0.114219 -3.239002 -0.196055
v 0.049248 -3.360984 -0.196055
v -0.011499 -4.308489 -0.132277
v -0.327897 -4.346991 -0.132277
v -0.612801 -4.458747 -0.109736
v -0.844213 -4.622557 -0.059982
v -0.948772 -4.777177 -0.044753
v -0.998648 -4.783192 -0.044753
v -0.947020 -4.571243 -0.062880
v -0.713334 -4.220714 -0.127700
v -0.447041 -4.019635 -0.132277
v -0.129119 -3.929965 -0.132277
v 0.391550 -3.690220 -0.102714
v -0.382116 -3.834852 -0.152127
v 0.429984 -4.122430 -0.102714
v -0.197119 -4.127152 -0.152127
v 0.346812 -5.071373 -0.091376
v 0.422593 -4.614503 -0.095449
v -0.082336 -4.573786 -0.144862
v 0.207388 -5.468186 -0.086627
v -0.070136 -4.987600 -0.140789
v -0.133542 -5.370483 -0.136039
v -0.181289 -6.165676 -0.074957
v -0.402407 -6.198069 -0.124369
v 0.430054 -3.687254 -0.041332
v -0.410935 -3.846848 -0.080267
v 0.468487 -4.119465 -0.041332
v -0.225937 -4.139149 -0.080267
v 0.461096 -4.611537 -0.036895
v -0.112898 -4.578523 -0.075831
v 0.385315 -5.068408 -0.034408
v -0.101151 -4.990453 -0.073343
v 0.245891 -5.465220 -0.030959
v -0.164623 -5.373058 -0.069894
v -0.142672 -6.165489 -0.020791
v -0.433623 -6.198221 -0.059726
v 0.110477 -3.750672 -0.149476
v 0.171928 -4.134503 -0.149476
v 0.193800 -4.595729 -0.142211
v 0.054188 -5.417210 -0.133389
v 0.153755 -5.028963 -0.138138
v -0.284413 -6.169859 -0.121719
v -0.037202 -6.458774 -0.049929
v -0.191610 -6.514252 -0.081032
v -0.017154 -6.450013 -0.022351
v -0.209016 -6.517383 -0.044409
v -0.113328 -6.485281 -0.079530
v -0.005427 -6.731927 -0.022359
v -0.105302 -6.741085 -0.042007
v 0.006846 -6.729997 -0.011416
v -0.115222 -6.742644 -0.022915
v -0.051087 -6.735833 -0.041224
v -0.010962 -6.886878 -0.011756
v -0.064767 -6.892576 -0.022758
v -0.004747 -6.885613 -0.004874
v -0.070072 -6.893530 -0.011596
v -0.035751 -6.889274 -0.022300
v -0.033143 -6.976447 -0.007161
v -0.020053 -6.974929 -0.003261
v -0.034299 -6.976655 -0.004727
v -0.026815 -6.975727 -0.007062
v -0.027176 -6.975792 -0.003994
v -0.150724 -6.163263 -0.014334
v -0.021061 -6.445602 -0.014334
v 0.141223 -6.163891 -0.014334
v 0.037887 -5.911255 -0.014334
v -0.030050 -6.167822 -0.084988
v -0.012489 -6.208031 -0.084988
v 0.011472 -6.168426 -0.084988
v -0.002963 -6.130922 -0.084988
v -0.313849 -6.349566 -0.052068
v -0.191400 -6.319334 -0.100624
v -0.289539 -6.347924 -0.102700
v -0.072443 -6.299515 -0.021571
v -0.101776 -6.303988 -0.062443
v -0.149262 -6.612981 -0.063263
v -0.163373 -6.615204 -0.034687
v -0.017399 -6.581957 -0.037418
v -0.080460 -6.596509 -0.062091
v -0.000638 -6.576749 -0.017476
v -0.308458 -5.995906 -0.127135
v -0.096660 -6.060233 -0.077722
v -0.061606 -6.063633 -0.023557
v -0.336794 -5.993157 -0.062492
v -0.188601 -6.021786 -0.124484
v 0.067178 -5.801389 -0.082174
v -0.204505 -5.705846 -0.131587
v 0.103894 -5.803555 -0.027258
v -0.234167 -5.704185 -0.066193
v -0.052851 -5.750246 -0.128937
v 0.146555 -3.933813 -0.132277
v 0.450054 -3.847607 -0.132277
v 0.719078 -3.753241 -0.131170
v 0.954374 -3.583794 -0.093620
v 1.193212 -3.302404 -0.047010
v 1.259415 -3.309624 -0.047010
v 1.083071 -3.674628 -0.097097
v 0.831746 -4.037307 -0.132277
v 0.541862 -4.234107 -0.132277
v 0.233383 -4.299740 -0.132277
v 0.148588 -5.448621 -0.108994
v -0.220869 -6.167281 -0.097324
v 0.283671 -3.713422 -0.125081
v 0.330940 -4.127064 -0.125081
v 0.334780 -4.607298 -0.117816
v 0.272715 -5.055095 -0.113743
v -0.066420 -6.468947 -0.065709
v -0.022951 -6.733427 -0.034019
v -0.020690 -6.887746 -0.018088
v -0.023530 -6.975393 -0.006143
v -0.021453 -6.975528 -0.004941
v -0.136174 -6.309878 -0.081516
v -0.041602 -6.587543 -0.051307
v -0.131948 -6.045476 -0.100089
v 0.021110 -5.781760 -0.104541
v -0.186504 -0.574596 0.083065
v -0.098541 -0.383750 0.084694
v -0.334531 -1.091613 0.097085
v -0.266270 -0.810762 0.081614
v -0.033278 -0.279532 0.084656
v 0.031986 -0.175314 0.083664
v -0.057633 -0.108144 0.083183
v -0.147251 -0.040974 0.082517
v -0.352242 -0.484618 0.083478
v -0.356015 -0.790676 0.081412
v -0.215667 -0.150782 0.083124
v -0.279218 -0.263643 0.082596
v 0.073742 0.159667 0.083045
v -0.015514 0.228548 0.083459
v 0.302744 0.546370 0.080240
v 0.325201 0.942125 0.077374
v 0.225354 0.943540 0.077309
v 0.139606 0.609617 0.079796
v 0.241076 0.268379 0.082594
v 0.065851 0.388041 0.083672
v 0.162998 0.090786 0.082420
v 0.319482 1.297359 0.095942
v 0.325201 0.942125 -0.077374
v 0.319482 1.297359 -0.095942
v -0.279218 -0.263643 -0.082596
v -0.352242 -0.484618 -0.083478
v -0.057633 -0.108144 -0.083183
v -0.147251 -0.040974 -0.082517
v -0.186504 -0.574596 -0.083065
v -0.098541 -0.383750 -0.084694
v -0.033278 -0.279532 -0.084656
v 0.031986 -0.175314 -0.083664
v -0.334531 -1.091613 -0.097085
v -0.266270 -0.810762 -0.081614
v -0.356015 -0.790676 -0.081412
v -0.215667 -0.150782 -0.083124
v 0.302744 0.546370 -0.080240
v 0.174307 0.596273 -0.124041
v 0.065851 0.388041 -0.083672
v 0.073742 0.159667 -0.083045
v -0.015514 0.228548 -0.083459
v 0.207087 0.296808 -0.130879
v 0.225354 0.943540 -0.077309
v 0.162998 0.090786 -0.082420
vt 0.134968 0.217491
vt 0.133507 0.240901
vt 0.108534 0.239198
vt 0.111652 0.214768
vt 0.151538 0.313560
vt 0.158506 0.326278
vt 0.131530 0.335162
vt 0.124308 0.322148
vt 0.135284 0.258806
vt 0.109377 0.261729
vt 0.138794 0.276987
vt 0.142308 0.290763
vt 0.115514 0.298113
vt 0.112286 0.282422
vt 0.158627 0.351079
vt 0.158096 0.384444
vt 0.131605 0.389441
vt 0.131928 0.359477
vt 0.156141 0.420660
vt 0.153313 0.454100
vt 0.127365 0.455060
vt 0.129509 0.427292
vt 0.150169 0.483043
vt 0.146946 0.510958
vt 0.121649 0.508993
vt 0.123879 0.488713
vt 0.134094 0.615624
vt 0.131353 0.638147
vt 0.108320 0.636547
vt 0.110115 0.614119
vt 0.140457 0.565359
vt 0.136920 0.593147
vt 0.112409 0.590685
vt 0.115417 0.564126
vt 0.143688 0.538144
vt 0.118569 0.535860
vt 0.128541 0.660667
vt 0.106422 0.660640
vt 0.124820 0.706412
vt 0.124244 0.732350
vt 0.104923 0.733181
vt 0.104567 0.708198
vt 0.124958 0.758651
vt 0.106438 0.757990
vt 0.126659 0.781557
vt 0.108899 0.782777
vt 0.129141 0.804657
vt 0.112383 0.806256
vt 0.126352 0.683433
vt 0.105031 0.684167
vt 0.136487 0.853032
vt 0.140169 0.873216
vt 0.126688 0.876906
vt 0.121509 0.855530
vt 0.145053 0.893840
vt 0.132556 0.897304
vt 0.132522 0.828840
vt 0.116951 0.831641
vt 0.150354 0.913606
vt 0.139337 0.917609
vt 0.155744 0.932388
vt 0.161334 0.948425
vt 0.152578 0.951765
vt 0.145803 0.935243
vt 0.167323 0.969089
vt 0.160711 0.970880
vt 0.166392 0.986652
vt 0.170699 0.986261
vt 0.149409 0.169328
vt 0.140726 0.191190
vt 0.119615 0.187841
vt 0.129812 0.167187
vt 0.156242 0.154453
vt 0.142844 0.147908
vt 0.027824 0.104304
vt 0.048872 0.060232
vt 0.060631 0.063507
vt 0.039281 0.105545
vt 0.077026 0.027086
vt 0.088474 0.031697
vt 0.065992 0.712829
vt 0.057125 0.708459
vt 0.049908 0.700256
vt 0.063331 0.707784
vt 0.110156 0.001739
vt 0.121615 0.007145
vt 0.065721 0.668116
vt 0.061053 0.665634
vt 0.056973 0.657823
vt 0.063653 0.660754
vt 0.059784 0.435380
vt 0.055177 0.410504
vt 0.065408 0.407729
vt 0.070295 0.434071
vt 0.074952 0.746349
vt 0.070731 0.736563
vt 0.067390 0.725633
vt 0.071205 0.727179
vt 0.154274 0.986708
vt 0.148809 0.983099
vt 0.150264 0.981286
vt 0.155560 0.984532
vt 0.067338 0.498542
vt 0.066849 0.484810
vt 0.076053 0.484838
vt 0.075610 0.507278
vt 0.064222 0.461614
vt 0.074172 0.461077
vt 0.022283 0.293987
vt 0.031576 0.295543
vt 0.018542 0.318914
vt 0.012347 0.317541
vt 0.065727 0.473208
vt 0.075207 0.472904
vt 0.072014 0.567689
vt 0.070238 0.561318
vt 0.066835 0.546509
vt 0.069863 0.547576
vt 0.031138 0.268346
vt 0.038176 0.242986
vt 0.049645 0.244653
vt 0.042366 0.270500
vt 0.067394 0.574684
vt 0.066099 0.565454
vt 0.041198 0.213074
vt 0.041540 0.181629
vt 0.053505 0.182101
vt 0.052936 0.214071
vt 0.060885 0.526139
vt 0.065457 0.526898
vt 0.066925 0.644192
vt 0.065408 0.636663
vt 0.068846 0.632026
vt 0.071377 0.643099
vt 0.036040 0.137326
vt 0.048202 0.137436
vt 0.067026 0.623572
vt 0.069616 0.624530
vt 0.063456 0.669767
vt 0.060599 0.668583
vt 0.056404 0.661628
vt 0.063359 0.598202
vt 0.055037 0.589867
vt 0.046702 0.574960
vt 0.057621 0.587347
vt 0.161217 0.989053
vt 0.150597 0.974638
vt 0.139515 0.956056
vt 0.131248 0.942123
vt 0.122867 0.920394
vt 0.115252 0.904190
vt 0.108110 0.878181
vt 0.102138 0.861134
vt 0.096624 0.835288
vt 0.089598 0.810152
vt 0.083850 0.780441
vt 0.079584 0.760207
vt 0.076754 0.728417
vt 0.074495 0.707686
vt 0.074832 0.676367
vt 0.074492 0.658062
vt 0.076231 0.630406
vt 0.076426 0.610042
vt 0.076130 0.590133
vt 0.077706 0.549950
vt 0.077103 0.527139
vt 0.098520 0.463053
vt 0.105262 0.431288
vt 0.108361 0.395698
vt 0.088097 0.310232
vt 0.084027 0.291366
vt 0.081562 0.268960
vt 0.080572 0.241361
vt 0.146157 0.301250
vt 0.119157 0.309415
vt 0.051776 0.392017
vt 0.062078 0.389276
vt 0.048088 0.374104
vt 0.058861 0.373100
vt 0.107014 0.369462
vt 0.101137 0.352766
vt 0.044026 0.341003
vt 0.031858 0.333488
vt 0.065816 0.318139
vt 0.069389 0.329991
vt 0.094054 0.331789
vt 0.053030 0.352653
vt 0.042201 0.354852
vt 0.036022 0.346609
vt 0.070505 0.268209
vt 0.091699 0.320906
vt 0.064305 0.296418
vt 0.089377 0.399605
vt 0.093773 0.430292
vt 0.085402 0.378483
vt 0.082243 0.362802
vt 0.085047 0.337245
vt 0.091269 0.356805
vt 0.074718 0.341091
vt 0.162353 0.142562
vt 0.151185 0.139248
vt 0.170920 0.119371
vt 0.166213 0.135146
vt 0.158062 0.133779
vt 0.163240 0.112239
vt 0.122428 0.077380
vt 0.105550 0.101252
vt 0.156709 0.024671
vt 0.089033 0.127340
vt 0.088728 0.152902
vt 0.082167 0.214557
vt 0.086595 0.185146
vt 0.076071 0.336989
vt 0.083843 0.333642
vt 0.103780 0.370388
vt 0.099391 0.356710
vt 0.085323 0.364823
vt 0.088117 0.377650
vt 0.092080 0.360088
vt 0.072211 0.273906
vt 0.067229 0.298871
vt 0.069019 0.317775
vt 0.098676 0.454146
vt 0.103133 0.425698
vt 0.082183 0.294542
vt 0.079912 0.273878
vt 0.072136 0.327939
vt 0.094921 0.424726
vt 0.085672 0.311490
vt 0.105464 0.393365
vt 0.078984 0.250327
vt 0.091424 0.396651
vt 0.090976 0.329757
vt 0.088720 0.320988
vt 0.533951 0.294848
vt 0.533479 0.282477
vt 0.542886 0.281186
vt 0.544474 0.292927
vt 0.533594 0.345350
vt 0.535111 0.312788
vt 0.545323 0.310797
vt 0.541290 0.342732
vt 0.523184 0.379041
vt 0.524527 0.379070
vt 0.484836 0.213712
vt 0.486017 0.233558
vt 0.477953 0.235855
vt 0.475698 0.217724
vt 0.487740 0.178345
vt 0.478862 0.178599
vt 0.492632 0.125518
vt 0.490611 0.123245
vt 0.494294 0.126249
vt 0.494598 0.175431
vt 0.494426 0.210251
vt 0.495793 0.229982
vt 0.521554 0.379986
vt 0.522391 0.346262
vt 0.523908 0.314262
vt 0.523209 0.296127
vt 0.523457 0.284328
vt 0.520940 0.389080
vt 0.495667 0.109220
vt 0.007838 0.329065
vt 0.012312 0.330262
vt 0.005289 0.341033
vt 0.002780 0.340421
vt 0.027119 0.341407
vt 0.016329 0.341496
vt 0.017189 0.335136
vt 0.004710 0.343516
vt 0.001195 0.347319
vt 0.010926 0.339055
vt 0.008859 0.344119
vt 0.165813 0.992763
vt 0.164808 0.994569
vt 0.160091 0.991002
vt 0.170920 0.998260
vt 0.169507 0.995982
vt 0.099381 0.475038
vt 0.142302 0.979796
vt 0.146800 0.979952
vt 0.149294 0.977965
vt 0.145710 0.977490
vt 0.129083 0.949052
vt 0.123045 0.949295
vt 0.118003 0.948226
vt 0.125032 0.946218
vt 0.144461 0.967300
vt 0.139083 0.962650
vt 0.133848 0.956828
vt 0.136605 0.956808
vt 0.131872 0.959312
vt 0.139672 0.967836
vt 0.142590 0.971422
vt 0.145151 0.974849
vt 0.064576 0.727194
vt 0.069817 0.743476
vt 0.071492 0.750869
vt 0.048856 0.649333
vt 0.056018 0.665096
vt 0.061717 0.678611
vt 0.064901 0.678232
vt 0.068518 0.693262
vt 0.065556 0.693087
vt 0.066761 0.700089
vt 0.071226 0.701199
vt 0.069131 0.677421
vt 0.062593 0.623306
vt 0.061357 0.605209
vt 0.058096 0.606469
vt 0.065765 0.606092
vt 0.061974 0.545501
vt 0.044673 0.484571
vt 0.054847 0.506413
vt 0.056172 0.522222
vt 0.061111 0.512381
vt 0.055171 0.497947
vt 0.068851 0.513121
vt 0.064363 0.501926
vt 0.072310 0.528248
vt 0.074305 0.548917
vt 0.067647 0.587471
vt 0.068001 0.581366
vt 0.074903 0.578917
vt 0.072339 0.626206
vt 0.070723 0.608009
vt 0.069685 0.599651
vt 0.065978 0.590279
vt 0.073071 0.651904
vt 0.066694 0.656142
vt 0.067497 0.650195
vt 0.066998 0.703725
vt 0.072374 0.756841
vt 0.125754 0.942923
vt 0.110448 0.909607
vt 0.106697 0.905915
vt 0.108669 0.902728
vt 0.125881 0.933794
vt 0.118241 0.919623
vt 0.123756 0.938499
vt 0.114833 0.919364
vt 0.102881 0.908589
vt 0.120555 0.933220
vt 0.120198 0.927169
vt 0.097290 0.906089
vt 0.112539 0.921655
vt 0.096479 0.867035
vt 0.089068 0.864307
vt 0.083575 0.860713
vt 0.093300 0.861892
vt 0.109999 0.893877
vt 0.104687 0.885906
vt 0.099942 0.876758
vt 0.103579 0.877512
vt 0.097358 0.878781
vt 0.104536 0.892379
vt 0.107231 0.898614
vt 0.095097 0.859544
vt 0.072715 0.765583
vt 0.063734 0.762872
vt 0.058270 0.757013
vt 0.069568 0.760977
vt 0.084100 0.797673
vt 0.079187 0.788449
vt 0.074969 0.778053
vt 0.078810 0.779279
vt 0.072353 0.779789
vt 0.078765 0.795320
vt 0.081038 0.802414
vt 0.082351 0.808219
vt 0.083169 0.816603
vt 0.074590 0.813446
vt 0.068763 0.808766
vt 0.079878 0.812247
vt 0.096883 0.848850
vt 0.091272 0.839568
vt 0.086342 0.829098
vt 0.090226 0.830108
vt 0.083692 0.831070
vt 0.091247 0.846712
vt 0.093976 0.853916
vt 0.671842 0.779771
vt 0.701923 0.809775
vt 0.689084 0.818451
vt 0.663305 0.792680
vt 0.718342 0.891671
vt 0.701975 0.931063
vt 0.689031 0.922379
vt 0.703101 0.888683
vt 0.632572 0.763557
vt 0.629619 0.778749
vt 0.504718 0.849160
vt 0.520910 0.810012
vt 0.533801 0.818535
vt 0.519869 0.852117
vt 0.590069 0.977111
vt 0.550850 0.960801
vt 0.559414 0.947923
vt 0.593054 0.961932
vt 0.718342 0.849041
vt 0.703146 0.852145
vt 0.590089 0.763587
vt 0.593175 0.778758
vt 0.830862 0.506587
vt 0.832834 0.552096
vt 0.781584 0.547806
vt 0.782108 0.513341
vt 0.520883 0.930745
vt 0.504704 0.891541
vt 0.519844 0.888486
vt 0.533714 0.922130
vt 0.671758 0.961007
vt 0.632538 0.977164
vt 0.629496 0.962006
vt 0.663228 0.948166
vt 0.550813 0.779890
vt 0.559479 0.792705
vt 0.365553 0.977141
vt 0.368639 0.961970
vt 0.405083 0.961978
vt 0.408036 0.977170
vt 0.447222 0.779722
vt 0.438692 0.792562
vt 0.404961 0.778722
vt 0.408002 0.763564
vt 0.326277 0.960837
vt 0.334943 0.948022
vt 0.477440 0.809666
vt 0.464495 0.818350
vt 0.296374 0.930715
vt 0.309265 0.922192
vt 0.493806 0.849057
vt 0.478565 0.852045
vt 0.280182 0.891567
vt 0.295333 0.888611
vt 0.493806 0.891688
vt 0.478610 0.888583
vt 0.296347 0.809982
vt 0.309178 0.818597
vt 0.295308 0.852242
vt 0.280168 0.849187
vt 0.477386 0.930953
vt 0.464548 0.922277
vt 0.326315 0.779926
vt 0.334879 0.792804
vt 0.447306 0.960956
vt 0.438768 0.948048
vt 0.365533 0.763616
vt 0.368519 0.778795
vt 0.344089 0.806524
vt 0.322929 0.827742
vt 0.429587 0.934302
vt 0.450844 0.913110
vt 0.371784 0.795000
vt 0.401849 0.945757
vt 0.401780 0.794943
vt 0.371867 0.945740
vt 0.429525 0.806365
vt 0.344168 0.934239
vt 0.450766 0.827570
vt 0.322945 0.913054
vt 0.462304 0.855308
vt 0.311505 0.885381
vt 0.462309 0.885332
vt 0.311507 0.855434
vt 0.459793 0.855805
vt 0.448638 0.828989
vt 0.314008 0.884890
vt 0.325071 0.911639
vt 0.459801 0.884829
vt 0.325050 0.829162
vt 0.314009 0.855935
vt 0.448719 0.911684
vt 0.345505 0.808649
vt 0.428173 0.932172
vt 0.372283 0.797506
vt 0.401356 0.943249
vt 0.401282 0.797450
vt 0.372373 0.943235
vt 0.428103 0.808491
vt 0.345592 0.932118
vt 0.381868 0.895386
vt 0.391761 0.895440
vt 0.401091 0.849129
vt 0.391880 0.845304
vt 0.372718 0.891653
vt 0.408119 0.856202
vt 0.365606 0.884599
vt 0.411939 0.865412
vt 0.361881 0.875351
vt 0.411891 0.875334
vt 0.365653 0.856233
vt 0.361768 0.865396
vt 0.408168 0.884598
vt 0.372616 0.849090
vt 0.400983 0.891626
vt 0.381903 0.845282
vt 0.375294 0.853095
vt 0.369533 0.858818
vt 0.398365 0.887646
vt 0.404185 0.881912
vt 0.382794 0.849938
vt 0.390874 0.890830
vt 0.390922 0.849934
vt 0.382773 0.890856
vt 0.398431 0.853028
vt 0.375306 0.887731
vt 0.404166 0.858803
vt 0.369613 0.881925
vt 0.407323 0.866294
vt 0.366453 0.874435
vt 0.407324 0.874416
vt 0.366463 0.866325
vt 0.386862 0.870373
vt 0.740186 0.515319
vt 0.683827 0.523372
vt 0.681355 0.506618
vt 0.720820 0.483215
vt 0.768336 0.462270
vt 0.817275 0.442249
vt 0.650993 0.525463
vt 0.653377 0.517760
vt 0.364737 0.264261
vt 0.386038 0.334736
vt 0.374847 0.338358
vt 0.350930 0.267190
vt 0.555723 0.497227
vt 0.573397 0.492580
vt 0.586595 0.522721
vt 0.572525 0.527574
vt 0.874732 0.664863
vt 0.821547 0.664413
vt 0.821508 0.652314
vt 0.874084 0.653151
vt 0.751085 0.688630
vt 0.750915 0.665469
vt 0.821773 0.689348
vt 0.534300 0.668086
vt 0.503889 0.669974
vt 0.503449 0.660146
vt 0.535183 0.657965
vt 0.354318 0.184304
vt 0.338149 0.185546
vt 0.688067 0.688261
vt 0.687931 0.666107
vt 0.750882 0.653994
vt 0.688579 0.655016
vt 0.355616 0.098655
vt 0.337502 0.097733
vt 0.629777 0.666994
vt 0.630946 0.656264
vt 0.420593 0.726233
vt 0.421189 0.730194
vt 0.398443 0.731148
vt 0.398091 0.728707
vt 0.364321 0.024885
vt 0.344684 0.020626
vt 0.595412 0.520175
vt 0.601393 0.518586
vt 0.604570 0.540758
vt 0.599531 0.541510
vt 0.434297 0.442112
vt 0.449580 0.464746
vt 0.441271 0.464825
vt 0.426987 0.445202
vt 0.510693 0.745435
vt 0.489832 0.748299
vt 0.490213 0.736608
vt 0.512895 0.736224
vt 0.671013 0.747732
vt 0.608918 0.747037
vt 0.611403 0.737336
vt 0.672857 0.737824
vt 0.587670 0.568907
vt 0.597379 0.568043
vt 0.600000 0.595677
vt 0.594811 0.596264
vt 0.874732 0.688743
vt 0.739011 0.748564
vt 0.739995 0.738261
vt 0.534357 0.686619
vt 0.579496 0.667513
vt 0.579598 0.687228
vt 0.876991 0.749963
vt 0.811957 0.749824
vt 0.812212 0.738985
vt 0.876946 0.739094
vt 0.703735 0.097347
vt 0.711734 0.097347
vt 0.711734 0.184040
vt 0.703735 0.184040
vt 0.466701 0.433360
vt 0.483388 0.469839
vt 0.462012 0.464829
vt 0.445206 0.437652
vt 0.483388 0.047100
vt 0.450138 0.099137
vt 0.384297 0.100122
vt 0.395517 0.031693
vt 0.429171 0.178774
vt 0.379857 0.182355
vt 0.426435 0.252649
vt 0.386415 0.259678
vt 0.437065 0.321155
vt 0.403448 0.329127
vt 0.489964 0.728804
vt 0.512918 0.729163
vt 0.463498 0.497227
vt 0.446696 0.527574
vt 0.432626 0.522721
vt 0.445825 0.492580
vt 0.464569 0.743534
vt 0.439483 0.741343
vt 0.440047 0.736082
vt 0.463593 0.736041
vt 0.375369 0.733570
vt 0.375371 0.732111
vt 0.398435 0.734548
vt 0.477310 0.669637
vt 0.447931 0.670722
vt 0.447075 0.664720
vt 0.475719 0.661548
vt 0.435334 0.491326
vt 0.423810 0.520175
vt 0.417829 0.518586
vt 0.428262 0.490447
vt 0.431791 0.672231
vt 0.411568 0.674031
vt 0.411276 0.670874
vt 0.431217 0.667539
vt 0.419691 0.541510
vt 0.416632 0.567790
vt 0.412860 0.567742
vt 0.414652 0.540758
vt 0.439297 0.545611
vt 0.431552 0.568908
vt 0.421843 0.568044
vt 0.426950 0.542828
vt 0.582157 0.321155
vt 0.615774 0.329127
vt 0.597403 0.388769
vt 0.570210 0.381231
vt 0.420595 0.739433
vt 0.398084 0.736989
vt 0.421185 0.735475
vt 0.431834 0.682554
vt 0.447999 0.684010
vt 0.388506 0.675808
vt 0.388354 0.674008
vt 0.416422 0.595499
vt 0.414340 0.595485
vt 0.424411 0.596265
vt 0.419222 0.595677
vt 0.388507 0.679173
vt 0.411593 0.680832
vt 0.375058 0.734930
vt 0.375314 0.676818
vt 0.375273 0.676423
vt 0.418600 0.611487
vt 0.417467 0.611352
vt 0.845999 0.851285
vt 0.882479 0.902941
vt 0.884079 0.914570
vt 0.854149 0.938630
vt 0.766609 0.145384
vt 0.766609 0.143547
vt 0.766892 0.143859
vt 0.766892 0.145072
vt 0.764208 0.145344
vt 0.764208 0.143586
vt 0.765543 0.143722
vt 0.765543 0.145209
vt 0.447159 0.690014
vt 0.431278 0.687251
vt 0.765610 0.145780
vt 0.764426 0.145797
vt 0.766224 0.145611
vt 0.748875 0.098114
vt 0.748875 0.115604
vt 0.736486 0.115604
vt 0.736486 0.098114
vt 0.773340 0.920475
vt 0.774939 0.908846
vt 0.783617 0.903483
vt 0.782926 0.914961
vt 0.812668 0.850913
vt 0.812668 0.935723
vt 0.736860 0.972130
vt 0.745009 0.884786
vt 0.721335 0.097347
vt 0.729334 0.097347
vt 0.729334 0.173510
vt 0.721334 0.173510
vt 0.711734 0.271873
vt 0.703735 0.271873
vt 0.729334 0.264227
vt 0.721335 0.264227
vt 0.440084 0.729543
vt 0.463609 0.729517
vt 0.477370 0.685121
vt 0.503369 0.684806
vt 0.765610 0.143151
vt 0.766224 0.143320
vt 0.608945 0.718453
vt 0.611416 0.728157
vt 0.558027 0.728726
vt 0.555796 0.719305
vt 0.449012 0.381231
vt 0.421819 0.388769
vt 0.629828 0.687600
vt 0.555756 0.746097
vt 0.558001 0.736681
vt 0.407964 0.394482
vt 0.398924 0.398241
vt 0.580403 0.656945
vt 0.375318 0.678209
vt 0.776456 0.416357
vt 0.720397 0.386724
vt 0.728747 0.365025
vt 0.774801 0.370525
vt 0.869794 0.422458
vt 0.824877 0.427847
vt 0.818517 0.369747
vt 0.864621 0.368760
vt 0.667426 0.363988
vt 0.673792 0.357074
vt 0.931061 0.253220
vt 0.974410 0.253220
vt 0.963230 0.343710
vt 0.942241 0.343710
vt 0.683805 0.541188
vt 0.651327 0.539890
vt 0.818256 0.330167
vt 0.864757 0.331106
vt 0.923208 0.076507
vt 0.982264 0.076507
vt 0.982264 0.154721
vt 0.923208 0.154721
vt 0.878594 0.503817
vt 0.937650 0.503817
vt 0.937650 0.574967
vt 0.878594 0.574967
vt 0.774165 0.329535
vt 0.739694 0.547758
vt 0.883626 0.435500
vt 0.932618 0.435500
vt 0.728121 0.335233
vt 0.673866 0.343937
vt 0.894732 0.372210
vt 0.921512 0.372210
vt 0.898132 0.330543
vt 0.918112 0.330543
vt 0.737758 0.119885
vt 0.754408 0.119885
vt 0.754408 0.129230
vt 0.737758 0.129230
vt 0.923208 0.006105
vt 0.982264 0.006105
vt 0.933706 0.710270
vt 0.903304 0.710270
vt 0.903304 0.683398
vt 0.933706 0.683398
vt 0.416855 0.611313
vt 0.302570 0.341003
vt 0.310574 0.346608
vt 0.304395 0.354851
vt 0.293567 0.352653
vt 0.238487 0.878181
vt 0.231345 0.904190
vt 0.214041 0.897305
vt 0.219909 0.876907
vt 0.211628 0.217490
vt 0.234945 0.214768
vt 0.238063 0.239197
vt 0.213090 0.240901
vt 0.294821 0.392016
vt 0.291420 0.410503
vt 0.281188 0.407729
vt 0.284519 0.389275
vt 0.237219 0.261729
vt 0.211313 0.258805
vt 0.190456 0.420660
vt 0.217088 0.427291
vt 0.219231 0.455059
vt 0.193283 0.454099
vt 0.187970 0.351078
vt 0.214669 0.359476
vt 0.214991 0.389440
vt 0.188501 0.384443
vt 0.207803 0.276987
vt 0.234310 0.282422
vt 0.231083 0.298112
vt 0.204289 0.290762
vt 0.196428 0.483042
vt 0.222718 0.488712
vt 0.224948 0.508992
vt 0.199650 0.510957
vt 0.195059 0.313559
vt 0.222289 0.322147
vt 0.215067 0.335161
vt 0.188091 0.326277
vt 0.206140 0.565358
vt 0.231180 0.564125
vt 0.234188 0.590684
vt 0.209677 0.593147
vt 0.202909 0.538144
vt 0.228028 0.535859
vt 0.212503 0.615624
vt 0.236482 0.614118
vt 0.238277 0.636546
vt 0.215243 0.638146
vt 0.221777 0.706411
vt 0.242030 0.708198
vt 0.241674 0.733181
vt 0.222353 0.732350
vt 0.240159 0.757990
vt 0.221639 0.758651
vt 0.237698 0.782777
vt 0.219937 0.781557
vt 0.240175 0.660639
vt 0.218056 0.660666
vt 0.234214 0.806256
vt 0.217456 0.804657
vt 0.220245 0.683432
vt 0.241566 0.684166
vt 0.206428 0.873216
vt 0.201543 0.893841
vt 0.210110 0.853033
vt 0.225088 0.855530
vt 0.207260 0.917609
vt 0.196243 0.913607
vt 0.229646 0.831641
vt 0.214075 0.828840
vt 0.190853 0.932389
vt 0.200794 0.935244
vt 0.194019 0.951766
vt 0.185263 0.948426
vt 0.185886 0.970881
vt 0.179274 0.969090
vt 0.297725 0.060232
vt 0.285966 0.063507
vt 0.258122 0.031696
vt 0.269570 0.027086
vt 0.280605 0.712828
vt 0.283266 0.707783
vt 0.296689 0.700256
vt 0.289472 0.708459
vt 0.270987 0.507277
vt 0.279259 0.498542
vt 0.282234 0.501925
vt 0.277746 0.513120
vt 0.224981 0.007145
vt 0.236440 0.001739
vt 0.276912 0.599650
vt 0.280620 0.590278
vt 0.288976 0.587346
vt 0.283238 0.598201
vt 0.180205 0.986653
vt 0.175898 0.986262
vt 0.301923 0.484570
vt 0.290425 0.522221
vt 0.285712 0.526139
vt 0.291749 0.506412
vt 0.196000 0.974639
vt 0.207082 0.956057
vt 0.209992 0.956809
vt 0.202136 0.967301
vt 0.280876 0.668115
vt 0.282944 0.660754
vt 0.289624 0.657822
vt 0.285544 0.665633
vt 0.271645 0.746348
vt 0.275392 0.727178
vt 0.279207 0.725633
vt 0.275866 0.736563
vt 0.276091 0.268208
vt 0.274385 0.273905
vt 0.267612 0.250326
vt 0.266025 0.241360
vt 0.185380 0.989054
vt 0.186506 0.991003
vt 0.181789 0.994570
vt 0.180784 0.992764
vt 0.249308 0.906089
vt 0.234058 0.921656
vt 0.231764 0.919365
vt 0.243716 0.908590
vt 0.197188 0.169328
vt 0.216784 0.167187
vt 0.226982 0.187841
vt 0.205871 0.191190
vt 0.215349 0.942124
vt 0.223730 0.920394
vt 0.228356 0.919624
vt 0.220716 0.933795
vt 0.254898 0.320906
vt 0.227440 0.309414
vt 0.258500 0.310231
vt 0.226042 0.933221
vt 0.226399 0.927170
vt 0.191037 0.984533
vt 0.192323 0.986709
vt 0.190355 0.154453
vt 0.203753 0.147907
vt 0.291426 0.497946
vt 0.285486 0.512380
vt 0.277466 0.677421
vt 0.283141 0.669766
vt 0.318772 0.104303
vt 0.307316 0.105545
vt 0.201446 0.974850
vt 0.200886 0.977491
vt 0.197303 0.977966
vt 0.279203 0.574683
vt 0.274583 0.567688
vt 0.276359 0.561318
vt 0.280498 0.565453
vt 0.315459 0.268346
vt 0.304231 0.270499
vt 0.296951 0.244652
vt 0.308420 0.242985
vt 0.276734 0.547575
vt 0.281140 0.526897
vt 0.279762 0.546508
vt 0.305398 0.213073
vt 0.293661 0.214071
vt 0.293092 0.182100
vt 0.305057 0.181629
vt 0.299896 0.574960
vt 0.291560 0.589866
vt 0.310556 0.137325
vt 0.298395 0.137435
vt 0.290193 0.661628
vt 0.285999 0.668582
vt 0.275220 0.643099
vt 0.276981 0.624529
vt 0.279571 0.623571
vt 0.277751 0.632026
vt 0.279673 0.644191
vt 0.281189 0.636663
vt 0.280870 0.473207
vt 0.271389 0.472903
vt 0.272425 0.461076
vt 0.282375 0.461614
vt 0.324314 0.293987
vt 0.334249 0.317540
vt 0.328054 0.318913
vt 0.315020 0.295543
vt 0.276302 0.434070
vt 0.286813 0.435379
vt 0.270544 0.484837
vt 0.279748 0.484809
vt 0.241335 0.431287
vt 0.248076 0.463052
vt 0.272105 0.658061
vt 0.271765 0.676366
vt 0.239583 0.369461
vt 0.238236 0.395697
vt 0.262747 0.780441
vt 0.257000 0.810152
vt 0.524595 0.132500
vt 0.525938 0.132472
vt 0.542701 0.168809
vt 0.535004 0.166192
vt 0.249973 0.835288
vt 0.244459 0.861134
vt 0.272102 0.707686
vt 0.269843 0.728417
vt 0.270366 0.630405
vt 0.491706 0.292847
vt 0.482116 0.289385
vt 0.483297 0.269540
vt 0.493072 0.273115
vt 0.270171 0.610042
vt 0.485019 0.324752
vt 0.476141 0.324499
vt 0.472977 0.285374
vt 0.267013 0.760206
vt 0.489912 0.377579
vt 0.487890 0.379852
vt 0.277208 0.329991
vt 0.280781 0.318138
vt 0.314739 0.333487
vt 0.270467 0.590132
vt 0.269494 0.527138
vt 0.268891 0.549949
vt 0.265035 0.268959
vt 0.266684 0.273878
vt 0.264414 0.294541
vt 0.262570 0.291365
vt 0.200440 0.301249
vt 0.334284 0.330262
vt 0.335670 0.339055
vt 0.329408 0.335135
vt 0.252542 0.331788
vt 0.319478 0.341407
vt 0.298508 0.374103
vt 0.287735 0.373100
vt 0.245459 0.352765
vt 0.257869 0.152901
vt 0.260002 0.185145
vt 0.243463 0.425697
vt 0.247921 0.454145
vt 0.264353 0.362801
vt 0.271878 0.341091
vt 0.184244 0.142561
vt 0.195412 0.139247
vt 0.274460 0.327938
vt 0.277578 0.317774
vt 0.241047 0.101252
vt 0.257564 0.127340
vt 0.224168 0.077380
vt 0.189888 0.024671
vt 0.188535 0.133778
vt 0.183357 0.112238
vt 0.522965 0.131555
vt 0.522351 0.122461
vt 0.175677 0.119370
vt 0.180384 0.135145
vt 0.261550 0.337244
vt 0.255328 0.356804
vt 0.257220 0.399604
vt 0.252824 0.430291
vt 0.282292 0.296417
vt 0.523802 0.165279
vt 0.536522 0.198754
vt 0.525319 0.197280
vt 0.261195 0.378482
vt 0.492946 0.393877
vt 0.491574 0.376848
vt 0.262753 0.333642
vt 0.270525 0.336988
vt 0.258480 0.377649
vt 0.261274 0.364822
vt 0.264429 0.214557
vt 0.254516 0.360088
vt 0.247205 0.356709
vt 0.242817 0.370388
vt 0.279368 0.298870
vt 0.251675 0.424725
vt 0.260925 0.311489
vt 0.330267 0.341495
vt 0.241132 0.393364
vt 0.255172 0.396650
vt 0.341308 0.341032
vt 0.341886 0.343515
vt 0.345401 0.347319
vt 0.337738 0.344118
vt 0.257876 0.320987
vt 0.255621 0.329757
vt 0.524620 0.215414
vt 0.535362 0.216693
vt 0.534890 0.229065
vt 0.524868 0.227214
vt 0.491877 0.327666
vt 0.475233 0.267243
vt 0.546734 0.200744
vt 0.343816 0.340420
vt 0.338759 0.329064
vt 0.196333 0.981287
vt 0.197788 0.983100
vt 0.545885 0.218615
vt 0.544297 0.230356
vt 0.177090 0.995983
vt 0.175677 0.998261
vt 0.220843 0.942924
vt 0.221565 0.946219
vt 0.217514 0.949053
vt 0.274224 0.756841
vt 0.275105 0.750869
vt 0.247216 0.475037
vt 0.204295 0.979797
vt 0.199797 0.979953
vt 0.284623 0.545501
vt 0.274287 0.528247
vt 0.279100 0.650194
vt 0.273526 0.651904
vt 0.280832 0.606091
vt 0.285240 0.605208
vt 0.228594 0.948227
vt 0.223552 0.949296
vt 0.214725 0.959313
vt 0.206925 0.967838
vt 0.207515 0.962651
vt 0.212749 0.956829
vt 0.278596 0.581365
vt 0.271694 0.578917
vt 0.272292 0.548916
vt 0.204007 0.971423
vt 0.222841 0.938500
vt 0.236149 0.909608
vt 0.282022 0.727194
vt 0.276780 0.743476
vt 0.279836 0.700088
vt 0.275371 0.701199
vt 0.278079 0.693261
vt 0.281041 0.693086
vt 0.281697 0.678232
vt 0.297741 0.649333
vt 0.290579 0.665095
vt 0.284880 0.678611
vt 0.288501 0.606468
vt 0.284004 0.623305
vt 0.278950 0.587470
vt 0.275873 0.608008
vt 0.274258 0.626205
vt 0.279599 0.703725
vt 0.279903 0.656142
vt 0.237929 0.902728
vt 0.239900 0.905916
vt 0.243018 0.877513
vt 0.236598 0.893877
vt 0.239366 0.898615
vt 0.241910 0.885906
vt 0.242061 0.892380
vt 0.250118 0.867035
vt 0.253297 0.861892
vt 0.263022 0.860713
vt 0.257529 0.864307
vt 0.246655 0.876759
vt 0.251500 0.859544
vt 0.249240 0.878781
vt 0.273882 0.765583
vt 0.267787 0.779279
vt 0.274244 0.779789
vt 0.267832 0.795320
vt 0.267410 0.788449
vt 0.271628 0.778053
vt 0.277029 0.760977
vt 0.288327 0.757012
vt 0.282863 0.762872
vt 0.262497 0.797673
vt 0.264246 0.808219
vt 0.265559 0.802414
vt 0.256371 0.830109
vt 0.249714 0.848850
vt 0.262905 0.831070
vt 0.255350 0.846713
vt 0.255325 0.839568
vt 0.260255 0.829098
vt 0.263428 0.816604
vt 0.266719 0.812247
vt 0.277835 0.808766
vt 0.272007 0.813446
vt 0.252621 0.853917
vt 0.675302 0.913158
vt 0.686840 0.885420
vt 0.654123 0.806426
vt 0.626385 0.794971
vt 0.547481 0.827673
vt 0.536041 0.855346
vt 0.596320 0.945728
vt 0.626316 0.945785
vt 0.686845 0.855395
vt 0.596403 0.794987
vt 0.536043 0.885293
vt 0.654060 0.934363
vt 0.547465 0.912986
vt 0.568704 0.806489
vt 0.568624 0.934204
vt 0.675380 0.827618
vt 0.673174 0.911739
vt 0.684329 0.884923
vt 0.570041 0.932078
vt 0.596819 0.943222
vt 0.549607 0.829088
vt 0.538544 0.855838
vt 0.652709 0.808556
vt 0.625893 0.797479
vt 0.684337 0.855899
vt 0.625818 0.943278
vt 0.538545 0.884792
vt 0.549586 0.911566
vt 0.596909 0.797492
vt 0.652639 0.932237
vt 0.673255 0.829044
vt 0.570128 0.808609
vt 0.632655 0.884525
vt 0.636475 0.875316
vt 0.625519 0.849102
vt 0.616298 0.845288
vt 0.590143 0.856129
vt 0.586417 0.865377
vt 0.597152 0.891638
vt 0.606440 0.895445
vt 0.636427 0.865394
vt 0.606404 0.845342
vt 0.586304 0.875331
vt 0.590189 0.884495
vt 0.616416 0.895424
vt 0.625627 0.891599
vt 0.597254 0.849075
vt 0.632704 0.856130
vt 0.628702 0.881925
vt 0.631859 0.874434
vt 0.622901 0.853082
vt 0.615410 0.849898
vt 0.594149 0.858802
vt 0.590989 0.866293
vt 0.607330 0.890790
vt 0.615458 0.890794
vt 0.631860 0.866312
vt 0.607309 0.849872
vt 0.590999 0.874403
vt 0.622967 0.887700
vt 0.594069 0.881910
vt 0.599842 0.852997
vt 0.599831 0.887633
vt 0.628721 0.858815
vt 0.611398 0.870355
vt 0.721298 0.580326
vt 0.681699 0.557841
vt 0.821232 0.619034
vt 0.769950 0.600210
vt 0.653847 0.547439
vt 0.654485 0.264261
vt 0.668292 0.267190
vt 0.644375 0.338358
vt 0.633184 0.334736
vt 0.874128 0.700407
vt 0.821781 0.701427
vt 0.751106 0.700110
vt 0.688761 0.699362
vt 0.631036 0.698329
vt 0.664904 0.184304
vt 0.681074 0.185546
vt 0.535233 0.696839
vt 0.502962 0.694618
vt 0.654902 0.024885
vt 0.674539 0.020626
vt 0.681721 0.097733
vt 0.663606 0.098655
vt 0.811983 0.715869
vt 0.812234 0.726706
vt 0.740022 0.727387
vt 0.739046 0.717085
vt 0.590051 0.178775
vt 0.639365 0.182355
vt 0.632807 0.259679
vt 0.592787 0.252649
vt 0.535834 0.047100
vt 0.623705 0.031693
vt 0.634925 0.100122
vt 0.569084 0.099137
vt 0.876991 0.715745
vt 0.876943 0.726610
vt 0.464544 0.722052
vt 0.439506 0.724283
vt 0.411315 0.683993
vt 0.602367 0.611312
vt 0.602799 0.595499
vt 0.604882 0.595484
vt 0.602795 0.611365
vt 0.602590 0.567790
vt 0.606362 0.567742
vt 0.579924 0.545611
vt 0.592272 0.542828
vt 0.475766 0.693124
vt 0.375061 0.730751
vt 0.388363 0.680974
vt 0.375277 0.678604
vt 0.601755 0.611351
vt 0.600622 0.611486
vt 0.574016 0.437652
vt 0.552521 0.433360
vt 0.869794 0.276882
vt 0.824434 0.271598
vt 0.892065 0.908455
vt 0.892756 0.919933
vt 0.764426 0.143133
vt 0.921807 0.972503
vt 0.921807 0.887693
vt 0.535834 0.469838
vt 0.557209 0.464829
vt 0.489579 0.717106
vt 0.569642 0.464746
vt 0.577950 0.464825
vt 0.590960 0.490447
vt 0.583887 0.491325
vt 0.510674 0.719903
vt 0.620298 0.398241
vt 0.611258 0.394482
vt 0.592235 0.445202
vt 0.584925 0.442111
vt 0.775615 0.283462
vt 0.719617 0.313704
vt 0.361669 0.732022
vt 0.361794 0.732339
vt 0.361668 0.733643
vt 0.361794 0.733326
vt 0.416427 0.611365
vt 0.672888 0.727752
vt 0.671055 0.717840
vt 0.667427 0.337184
vt 0.580525 0.697797
vt 0.976838 0.684996
vt 0.946436 0.684996
vt 0.946436 0.658124
vt 0.976838 0.658124
vt 0.903304 0.656526
vt 0.933706 0.656526
vt 0.946436 0.631252
vt 0.976838 0.631252
vt 0.903304 0.629654
vt 0.933706 0.629654
vt 0.903304 0.602782
vt 0.933706 0.602782
vt 0.946436 0.604380
vt 0.976838 0.604380
vt 0.976838 0.819355
vt 0.946436 0.819355
vt 0.946436 0.792483
vt 0.976838 0.792483
vt 0.933706 0.817758
vt 0.903304 0.817758
vt 0.903304 0.790886
vt 0.933706 0.790886
vt 0.946436 0.765612
vt 0.976838 0.765612
vt 0.903304 0.764014
vt 0.933706 0.764014
vt 0.933706 0.737142
vt 0.903304 0.737142
vt 0.946436 0.738740
vt 0.976838 0.738740
vt 0.976838 0.711868
vt 0.946436 0.711868
vt 0.514928 0.346296
vt 0.514991 0.314558
vt 0.514367 0.419752
vt 0.514740 0.380108
vt 0.514367 0.296007
vt 0.516213 0.278226
vt 0.532133 0.273588
vt 0.548990 0.273264
vt 0.548398 0.344968
vt 0.530849 0.381987
vt 0.553489 0.291906
vt 0.554123 0.311481
vt 0.503583 0.234892
vt 0.488584 0.242007
vt 0.471036 0.177219
vt 0.483561 0.120904
vt 0.501754 0.126289
vt 0.502399 0.175177
vt 0.466998 0.217939
vt 0.503168 0.209828
vt 0.471985 0.244236
vt 0.503583 0.072586
vt 0.500862 0.430512
vt 0.480840 0.382193
vt 0.549809 0.166573
vt 0.555535 0.200060
vt 0.550401 0.238277
vt 0.533544 0.237953
vt 0.516402 0.196984
vt 0.516339 0.165245
vt 0.517624 0.233315
vt 0.515778 0.215535
vt 0.516151 0.131433
vt 0.515778 0.091789
vt 0.532260 0.129554
vt 0.554900 0.219635
vt 0.468316 0.325878
vt 0.500447 0.293269
vt 0.499678 0.327920
vt 0.485864 0.261090
vt 0.500862 0.268205
vt 0.464278 0.285158
vt 0.499034 0.376808
vt 0.469264 0.258861
vn 0.9996 -0.0273 0.0000
vn 0.9828 -0.1848 0.0000
vn 0.1831 -0.0331 0.9825
vn 0.1983 -0.0065 0.9801
vn 0.7849 -0.6195 0.0000
vn 0.8973 -0.4413 0.0000
vn 0.1704 -0.0788 0.9822
vn 0.1249 -0.0970 0.9874
vn 0.9515 -0.3077 0.0000
vn 0.1710 -0.0540 0.9838
vn 0.9213 -0.3889 0.0000
vn 0.8817 -0.4718 0.0000
vn 0.1434 -0.0753 0.9868
vn 0.1592 -0.0649 0.9851
vn 0.9861 -0.1662 0.0000
vn 0.9929 -0.1192 0.0000
vn 0.1756 -0.0198 0.9843
vn 0.1719 -0.0271 0.9847
vn 0.9969 -0.0781 0.0000
vn 0.9993 -0.0360 0.0000
vn 0.1813 -0.0038 0.9834
vn 0.1782 -0.0126 0.9839
vn 1.0000 -0.0005 0.0000
vn 0.9996 0.0269 0.0000
vn 0.1602 0.0115 0.9870
vn 0.1700 0.0126 0.9854
vn 0.9916 0.1290 0.0000
vn 0.9895 0.1446 0.0000
vn 0.1629 0.0315 0.9861
vn 0.1629 0.0289 0.9862
vn 0.9966 0.0820 0.0000
vn 0.9939 0.1101 0.0000
vn 0.1632 0.0245 0.9863
vn 0.1634 0.0163 0.9864
vn 0.9986 0.0519 0.0000
vn 0.1596 0.0075 0.9871
vn 0.9855 0.1697 0.0000
vn 0.1621 0.0326 0.9862
vn 0.9758 0.2187 0.0000
vn 0.9699 0.2432 0.0000
vn 0.1694 0.0489 0.9843
vn 0.1695 0.0441 0.9845
vn 0.9623 0.2718 0.0000
vn 0.1708 0.0541 0.9838
vn 0.9543 0.2989 0.0000
vn 0.1706 0.0600 0.9835
vn 0.9457 0.3250 0.0000
vn 0.1749 0.0673 0.9822
vn 0.9800 0.1987 0.0000
vn 0.1649 0.0372 0.9856
vn 0.9176 0.3974 0.0000
vn 0.9037 0.4282 0.0000
vn 0.1823 0.0945 0.9787
vn 0.1780 0.0850 0.9803
vn 0.8845 0.4665 0.0000
vn 0.1883 0.1084 0.9761
vn 0.9332 0.3594 0.0000
vn 0.1771 0.0762 0.9812
vn 0.8549 0.5188 0.0000
vn 0.1926 0.1280 0.9729
vn 0.8227 0.5683 0.0000
vn 0.7817 0.6236 0.0000
vn 0.2139 0.1842 0.9593
vn 0.2006 0.1492 0.9682
vn 0.7002 0.7139 0.0000
vn 0.2091 0.2657 0.9411
vn 0.1315 0.3465 0.9287
vn 0.5949 0.8038 0.0000
vn 0.9619 0.2732 0.0000
vn 0.9906 0.1370 0.0000
vn 0.2160 0.0252 0.9760
vn 0.2446 0.0621 0.9676
vn 0.9319 0.3627 0.0000
vn 0.2942 0.1119 0.9492
vn -0.9892 0.1465 0.0000
vn -0.9230 -0.3847 0.0000
vn -0.4480 -0.2168 0.8673
vn -0.5290 0.0809 0.8447
vn -0.8064 -0.5914 0.0000
vn -0.3918 -0.3371 0.8560
vn -0.4219 -0.2012 0.8840
vn -0.1832 -0.1127 0.9766
vn -0.2454 -0.9694 0.0000
vn -0.1196 -0.9928 0.0000
vn -0.7017 -0.7125 0.0000
vn -0.2314 -0.2379 0.9433
vn -0.3523 -0.1754 0.9193
vn -0.0387 -0.1766 0.9835
vn 0.5905 -0.8070 0.0000
vn -0.5280 -0.8492 0.0000
vn -0.9617 0.2741 0.0000
vn -0.9537 0.3008 0.0000
vn -0.4817 0.1516 0.8631
vn -0.4841 0.1390 0.8638
vn -0.8427 -0.0251 0.5377
vn -0.6954 0.0281 0.7180
vn -0.5418 0.0551 0.8386
vn -0.5925 -0.0269 0.8051
vn -0.9800 -0.1990 0.0000
vn -0.9855 -0.1698 0.0000
vn -0.5085 -0.1348 0.8504
vn -0.6827 -0.1753 0.7093
vn -1.0000 0.0027 0.0000
vn -0.9838 0.1791 0.0000
vn -0.4888 0.1096 0.8654
vn -0.3442 -0.0208 0.9387
vn -0.9710 0.2389 0.0000
vn -0.4918 0.1301 0.8609
vn -0.9913 -0.1316 0.0000
vn -0.4874 -0.0360 0.8724
vn -0.5373 -0.0072 0.8433
vn -0.9964 -0.0844 0.0000
vn -0.9774 0.2112 0.0000
vn -0.4984 0.1284 0.8574
vn -0.7391 0.1703 0.6517
vn -0.6572 0.1690 0.7345
vn -0.5594 0.1349 0.8178
vn -0.4472 0.0505 0.8930
vn -0.9958 -0.0910 0.0000
vn -0.9998 0.0212 0.0000
vn -0.4513 0.0119 0.8923
vn -0.4684 -0.0254 0.8831
vn -0.9645 0.2639 0.0000
vn -0.9559 0.2937 0.0000
vn -0.9880 0.1540 0.0000
vn -0.9616 0.2743 0.0000
vn -0.4274 0.1179 0.8963
vn -0.4525 0.0701 0.8890
vn -0.4017 0.0922 0.9111
vn -0.3436 0.0275 0.9387
vn -0.9864 0.1646 0.0000
vn -0.9735 0.2284 0.0000
vn -0.6005 0.0984 0.7935
vn -0.7731 0.0951 0.6270
vn -0.8842 0.4671 0.0000
vn -0.3921 0.1927 0.8995
vn -0.5285 0.0956 0.8435
vn -0.4581 0.0361 0.8881
vn -0.3145 -0.0405 0.9484
vn -0.4327 0.0662 0.8991
vn -0.1807 -0.0235 0.9832
vn -0.1559 -0.1338 0.9786
vn -0.1198 -0.0274 0.9924
vn -0.9109 -0.4126 0.0000
vn 0.2286 -0.9735 0.0000
vn -0.5814 -0.1235 0.8042
vn -0.3910 -0.2192 0.8939
vn -0.2026 -0.0857 0.9755
vn -0.3612 -0.2623 0.8948
vn -0.2137 -0.0739 0.9741
vn -0.3007 -0.2182 0.9284
vn -0.2711 -0.0781 0.9593
vn -0.3484 -0.1827 0.9193
vn -0.3267 -0.0696 0.9425
vn -0.3861 -0.1471 0.9106
vn -0.3660 -0.0469 0.9294
vn -0.3993 -0.1430 0.9056
vn -0.3603 -0.0267 0.9324
vn -0.3676 -0.1097 0.9235
vn -0.2902 -0.0203 0.9567
vn -0.4020 -0.1248 0.9071
vn -0.3621 0.0009 0.9321
vn -0.2858 0.0121 0.9582
vn -0.4508 -0.0539 0.8910
vn -0.2710 0.0165 0.9624
vn -0.2433 0.0150 0.9698
vn -0.0063 0.0056 0.9999
vn -0.3944 -0.0131 0.9188
vn -0.4537 0.0482 0.8898
vn -0.5277 0.2796 0.8020
vn -0.5751 0.2035 0.7923
vn -0.4888 0.1247 0.8634
vn 0.0029 0.0103 0.9999
vn 0.8346 -0.5508 0.0000
vn 0.1342 -0.0883 0.9870
vn -0.9451 0.3268 0.0000
vn -0.4707 0.1652 0.8666
vn -0.9276 0.3735 0.0000
vn -0.4595 0.1831 0.8690
vn -0.4318 0.1442 0.8903
vn -0.0379 0.1523 0.9876
vn -0.2845 0.3830 0.8788
vn -0.0895 0.4023 0.9111
vn 0.3927 -0.1750 0.9028
vn 0.3863 -0.2529 0.8870
vn -0.2180 -0.0623 0.9739
vn -0.3937 0.2370 0.8881
vn -0.8039 0.5948 0.0000
vn -0.4889 0.8723 0.0000
vn 0.3798 0.0473 0.9238
vn -0.4858 0.3041 0.8194
vn 0.3830 -0.0215 0.9235
vn 0.6324 -0.1753 0.7545
vn 0.5707 -0.1464 0.8080
vn 0.5899 -0.2395 0.7711
vn 0.2686 0.0890 0.9591
vn -0.2458 -0.3262 0.9128
vn 0.2797 0.3614 0.8895
vn 0.0150 -0.1777 0.9839
vn 0.9004 0.4350 0.0000
vn 0.3799 0.1569 0.9116
vn 1.0000 -0.0022 0.0000
vn 0.9814 0.1918 0.0000
vn 0.6073 0.1591 0.7784
vn 0.2798 0.0123 0.9600
vn 0.0136 -0.0026 0.9999
vn 0.0183 -0.0107 0.9998
vn 0.0051 0.0093 0.9999
vn 0.0055 0.0001 1.0000
vn 0.0070 -0.0010 1.0000
vn 0.0100 -0.0009 0.9999
vn 0.0088 -0.0008 0.9999
vn 0.1321 -0.3282 0.9353
vn -0.0343 -0.0392 0.9986
vn -0.1185 0.0272 0.9926
vn -0.1081 0.3631 0.9254
vn 0.4711 -0.0649 0.8797
vn 0.1572 -0.0484 0.9864
vn 0.0759 0.0927 0.9928
vn 0.1064 -0.0019 0.9943
vn 0.1345 -0.0724 0.9883
vn 0.1065 -0.0494 0.9931
vn 0.1614 -0.2334 0.9589
vn -0.1262 0.0095 0.9919
vn -0.1560 0.0792 0.9846
vn -0.1834 0.0809 0.9797
vn 0.0721 -0.0396 0.9966
vn 0.3021 -0.0884 0.9491
vn -0.1170 0.0619 0.9912
vn -0.1188 0.0493 0.9917
vn -0.0542 0.2008 0.9781
vn 0.2167 -0.0657 0.9740
vn -0.4171 0.0908 0.9043
vn -0.1263 0.0806 0.9887
vn -0.0086 0.0009 0.9999
vn 0.2111 0.2904 0.9333
vn -0.1253 0.4116 0.9027
vn -0.3695 0.2136 0.9043
vn -0.0113 -0.0212 0.9997
vn -0.0125 -0.0091 0.9999
vn -0.4075 0.1686 0.8975
vn -0.4260 0.0642 0.9024
vn -0.0407 -0.0671 0.9969
vn -0.3669 -0.0255 0.9299
vn 0.0123 0.0139 0.9998
vn -0.2057 -0.2737 0.9396
vn 0.1566 -0.3725 0.9147
vn 0.4246 -0.1205 0.8973
vn 0.0077 0.0245 0.9997
vn 0.4269 -0.0426 0.9033
vn -0.0082 0.0361 0.9993
vn 0.3760 0.0049 0.9266
vn -0.3818 0.1137 0.9172
vn -0.3950 0.1393 0.9080
vn -0.3820 0.1751 0.9074
vn -0.4634 -0.0253 0.8858
vn 0.3456 -0.1455 0.9270
vn 0.3679 -0.1708 0.9140
vn 0.3587 -0.2075 0.9101
vn 0.3713 -0.2343 0.8984
vn 0.4582 0.0242 0.8885
vn 0.0481 -0.1059 0.9932
vn -0.0141 0.0834 0.9964
vn -0.9995 -0.0329 0.0000
vn -0.5263 0.0340 0.8496
vn -0.5152 0.0607 0.8549
vn -0.9976 0.0697 0.0000
vn 0.1186 0.9929 0.0000
vn 0.6456 0.7636 0.0000
vn 0.0785 0.4018 0.9124
vn 0.0137 0.3522 0.9358
vn -0.2032 0.9791 0.0000
vn 0.2187 0.3408 0.9143
vn 0.8177 0.5756 0.0000
vn -0.5988 -0.1322 0.7899
vn -0.9641 -0.2655 0.0000
vn -0.9690 -0.2472 0.0000
vn -0.4938 0.8695 0.0000
vn -0.2793 0.3175 0.9062
vn -0.0160 0.0338 0.9993
vn -0.3866 -0.9222 0.0000
vn -0.2997 -0.3002 0.9055
vn -0.3172 -0.3513 0.8809
vn -0.1072 -0.9942 0.0000
vn -0.2931 -0.3585 0.8863
vn -0.1284 -0.3775 0.9171
vn -0.0330 -0.9995 0.0000
vn 0.3547 -0.9350 0.0000
vn -0.6894 -0.2702 0.6721
vn -0.7529 -0.2586 0.6052
vn -0.6697 -0.1870 0.7186
vn -0.4543 -0.1938 0.8695
vn -0.9724 -0.2332 0.0000
vn -0.9556 -0.2946 0.0000
vn -0.9352 -0.3540 0.0000
vn -0.8408 -0.5412 0.0000
vn -0.9897 0.1430 0.0000
vn -0.9973 0.0726 0.0000
vn -0.9997 -0.0241 0.0000
vn -0.7468 -0.6651 0.0000
vn -0.9677 0.2521 0.0000
vn -0.9673 0.2535 0.0000
vn -0.6476 0.1168 0.7529
vn -0.8038 0.1073 0.5852
vn -0.9843 0.1761 0.0000
vn -0.9955 0.0946 0.0000
vn -0.8341 0.0326 0.5506
vn -0.5484 -0.0045 0.8361
vn -0.9749 0.2224 0.0000
vn -0.3448 0.0422 0.9377
vn -0.9752 0.2215 0.0000
vn -0.3457 -0.0078 0.9383
vn -0.9566 0.2912 0.0000
vn -0.9861 -0.1663 0.0000
vn -0.1389 0.0071 0.9903
vn -0.9603 0.2790 0.0000
vn -0.1956 -0.0527 0.9792
vn -0.2190 -0.9757 0.0000
vn -0.3749 -0.0603 0.9251
vn -0.8038 -0.5949 0.0000
vn -0.4176 0.0255 0.9083
vn -0.4932 0.0396 0.8690
vn -0.9859 -0.1674 0.0000
vn -0.9937 0.1114 0.0000
vn -0.7754 0.0942 0.6243
vn -0.5727 0.0190 0.8195
vn -0.4573 0.0009 0.8893
vn -0.4441 -0.1121 0.8889
vn -0.7855 -0.6188 0.0000
vn -0.8187 -0.0441 0.5726
vn -0.9162 -0.4008 0.0000
vn -0.9999 -0.0106 0.0000
vn -0.9508 -0.3098 0.0000
vn -0.9286 -0.3710 0.0000
vn -0.7544 -0.6565 0.0000
vn -0.2607 -0.3405 0.9034
vn 0.4156 -0.9095 0.0000
vn -0.7601 -0.6498 0.0000
vn -0.7201 -0.2147 0.6598
vn -0.4658 -0.1527 0.8716
vn -0.9629 -0.2697 0.0000
vn -0.6333 -0.1177 0.7649
vn -0.1516 -0.2924 0.9442
vn -0.9788 -0.2046 0.0000
vn -0.7360 -0.1809 0.6524
vn -0.0522 -0.9986 0.0000
vn -0.9895 -0.1441 0.0000
vn -0.3453 -0.2597 0.9018
vn -0.1933 -0.2067 0.9591
vn -0.2129 -0.9771 0.0000
vn 0.1026 -0.9947 0.0000
vn -0.7661 -0.1910 0.6136
vn -0.7259 -0.1367 0.6740
vn -0.6063 -0.0757 0.7916
vn -0.5204 -0.1387 0.8425
vn -0.9966 -0.0818 0.0000
vn -0.9884 -0.1517 0.0000
vn -0.9728 -0.2314 0.0000
vn -0.8356 -0.5494 0.0000
vn -0.4270 -0.2246 0.8759
vn -0.2661 -0.1157 0.9569
vn -0.0182 -0.9998 0.0000
vn -0.1670 -0.9859 0.0000
vn -0.8317 -0.0785 0.5496
vn -0.6927 -0.0245 0.7207
vn -0.5619 0.0204 0.8269
vn -0.5918 -0.0647 0.8035
vn -0.9971 0.0761 0.0000
vn -1.0000 0.0045 0.0000
vn -0.9950 -0.0996 0.0000
vn -0.9037 -0.4281 0.0000
vn -0.3677 -0.2288 0.9013
vn -0.1359 -0.1740 0.9753
vn -0.2212 -0.9752 0.0000
vn 0.0246 -0.9997 0.0000
vn -0.7873 -0.1300 0.6027
vn -0.6357 -0.0595 0.7696
vn -0.4915 -0.0226 0.8706
vn -0.5008 -0.0930 0.8605
vn -0.9999 0.0079 0.0000
vn -0.9989 -0.0467 0.0000
vn -0.9851 -0.1720 0.0000
vn 0.5497 -0.6678 -0.5018
vn 0.2523 -0.8273 -0.5018
vn 0.0735 -0.2409 -0.9677
vn 0.1601 -0.1945 -0.9677
vn -0.4066 -0.7634 -0.5018
vn -0.6678 -0.5497 -0.5018
vn -0.1945 -0.1601 -0.9677
vn -0.1184 -0.2223 -0.9677
vn 0.7634 -0.4066 -0.5018
vn 0.2223 -0.1184 -0.9677
vn 0.4066 0.7634 -0.5018
vn 0.6678 0.5497 -0.5018
vn 0.1945 0.1601 -0.9677
vn 0.1184 0.2223 -0.9677
vn -0.7634 0.4066 -0.5018
vn -0.5497 0.6678 -0.5018
vn -0.1601 0.1945 -0.9677
vn -0.2223 0.1184 -0.9677
vn -0.0835 -0.8609 -0.5018
vn -0.0243 -0.2507 -0.9677
vn 0.8609 -0.0835 -0.5018
vn 0.2507 -0.0243 -0.9677
vn -0.1903 0.6749 0.7129
vn -0.1903 0.6749 -0.7129
vn -0.3397 0.6568 -0.6731
vn -0.3397 0.6568 0.6731
vn -0.2523 0.8273 -0.5018
vn 0.0835 0.8609 -0.5018
vn 0.0243 0.2507 -0.9677
vn -0.0735 0.2409 -0.9677
vn -0.8273 -0.2523 -0.5018
vn -0.8609 0.0835 -0.5018
vn -0.2507 0.0243 -0.9677
vn -0.2409 -0.0735 -0.9677
vn 0.8273 0.2523 -0.5018
vn 0.2409 0.0735 -0.9677
vn 0.8609 -0.0835 0.5018
vn 0.2507 -0.0243 0.9677
vn 0.2223 -0.1184 0.9677
vn 0.7634 -0.4066 0.5018
vn -0.8273 -0.2523 0.5018
vn -0.2409 -0.0735 0.9677
vn -0.2507 0.0243 0.9677
vn -0.8609 0.0835 0.5018
vn 0.8273 0.2523 0.5018
vn 0.2409 0.0735 0.9677
vn -0.6678 -0.5497 0.5018
vn -0.1945 -0.1601 0.9677
vn 0.6678 0.5497 0.5018
vn 0.1945 0.1601 0.9677
vn -0.4066 -0.7634 0.5018
vn -0.1184 -0.2223 0.9677
vn 0.4066 0.7634 0.5018
vn 0.1184 0.2223 0.9677
vn -0.0835 -0.8609 0.5018
vn -0.0243 -0.2507 0.9677
vn -0.2523 0.8273 0.5018
vn -0.0735 0.2409 0.9677
vn 0.0243 0.2507 0.9677
vn 0.0835 0.8609 0.5018
vn 0.2523 -0.8273 0.5018
vn 0.0735 -0.2409 0.9677
vn -0.5497 0.6678 0.5018
vn -0.1601 0.1945 0.9677
vn 0.5497 -0.6678 0.5018
vn 0.1601 -0.1945 0.9677
vn -0.7634 0.4066 0.5018
vn -0.2223 0.1184 0.9677
vn 0.1404 -0.1706 0.9753
vn 0.0644 -0.2113 0.9753
vn -0.1404 0.1706 0.9753
vn -0.0644 0.2113 0.9753
vn 0.1950 -0.1039 0.9753
vn -0.1950 0.1039 0.9753
vn 0.2199 -0.0213 0.9753
vn -0.2199 0.0213 0.9753
vn 0.2113 0.0644 0.9753
vn -0.2113 -0.0644 0.9753
vn 0.1706 0.1404 0.9753
vn -0.1706 -0.1404 0.9753
vn 0.1039 0.1950 0.9753
vn -0.1039 -0.1950 0.9753
vn 0.0213 0.2199 0.9753
vn -0.0213 -0.2199 0.9753
vn 0.1360 0.2553 0.9572
vn 0.2233 0.1838 0.9572
vn -0.1360 -0.2553 0.9572
vn -0.2233 -0.1838 0.9572
vn 0.0279 0.2879 0.9572
vn 0.0844 -0.2767 0.9572
vn -0.0279 -0.2879 0.9572
vn -0.0844 0.2767 0.9572
vn 0.1838 -0.2233 0.9572
vn -0.1838 0.2233 0.9572
vn 0.2553 -0.1360 0.9572
vn -0.2553 0.1360 0.9572
vn 0.2879 -0.0279 0.9572
vn -0.2879 0.0279 0.9572
vn 0.2767 0.0844 0.9572
vn -0.2767 -0.0844 0.9572
vn 0.3175 -0.0308 0.9477
vn 0.2816 -0.1500 0.9477
vn -0.3052 -0.0931 0.9477
vn -0.3175 0.0308 0.9477
vn 0.3052 0.0931 0.9477
vn -0.2463 -0.2027 0.9477
vn 0.2463 0.2027 0.9477
vn -0.1500 -0.2816 0.9477
vn 0.1500 0.2816 0.9477
vn -0.0308 -0.3175 0.9477
vn -0.0931 0.3052 0.9477
vn 0.0308 0.3175 0.9477
vn 0.0931 -0.3052 0.9477
vn -0.2027 0.2463 0.9477
vn 0.2027 -0.2463 0.9477
vn -0.2816 0.1500 0.9477
vn -0.2614 0.3176 0.9114
vn -0.1200 0.3935 0.9114
vn 0.2614 -0.3176 0.9114
vn 0.1200 -0.3935 0.9114
vn -0.3631 0.1934 0.9114
vn 0.3631 -0.1934 0.9114
vn -0.4094 0.0397 0.9114
vn 0.4094 -0.0397 0.9114
vn -0.3935 -0.1200 0.9114
vn 0.3935 0.1200 0.9114
vn -0.3176 -0.2614 0.9114
vn 0.3176 0.2614 0.9114
vn -0.1934 -0.3631 0.9114
vn 0.1934 0.3631 0.9114
vn -0.0397 -0.4094 0.9114
vn 0.0397 0.4094 0.9114
vn 0.0000 0.0000 1.0000
vn -0.5624 0.4558 0.6898
vn -0.7164 0.2352 0.6568
vn 0.4237 -0.5527 0.7176
vn 0.2582 -0.6412 0.7226
vn 0.1514 -0.6572 0.7383
vn 0.0904 -0.7432 0.6628
vn -0.6307 -0.5631 0.5340
vn 0.4011 -0.6991 0.5920
vn 0.2362 -0.0650 0.9695
vn 0.2709 -0.1072 0.9566
vn 0.5871 -0.2353 0.7745
vn 0.5921 -0.1629 0.7892
vn -0.4058 -0.3821 -0.8302
vn 0.1939 -0.0173 -0.9808
vn 0.1839 -0.0659 -0.9807
vn -0.4156 -0.3377 -0.8445
vn -0.8285 -0.5243 0.1965
vn -0.8968 -0.3895 0.2098
vn -0.4599 -0.2051 0.8639
vn -0.5367 -0.3404 0.7721
vn -0.9674 -0.1388 -0.2120
vn -0.9674 -0.1388 0.2120
vn -0.8968 -0.3895 -0.2098
vn -0.9057 0.3721 0.2028
vn -0.9719 -0.1101 0.2080
vn -0.6141 -0.1139 0.7809
vn -0.4932 0.1866 0.8496
vn 0.2101 -0.0263 0.9773
vn 0.5923 -0.0628 0.8032
vn -0.9744 0.0660 -0.2147
vn -0.9744 0.0660 0.2147
vn -0.5062 -0.0834 0.8583
vn -0.5116 0.0229 0.8589
vn 0.1873 0.0036 0.9823
vn 0.5828 0.0168 0.8124
vn -0.9609 0.1790 0.2113
vn -0.5241 0.0868 0.8472
vn 0.6412 0.0061 -0.7673
vn 0.9360 0.0680 -0.3454
vn 0.9281 -0.0258 -0.3715
vn 0.6342 -0.0490 -0.7716
vn 0.1777 0.0204 0.9839
vn 0.5836 0.0532 0.8102
vn 0.3909 0.0218 -0.9201
vn 0.6428 0.1185 -0.7568
vn 0.4000 -0.0465 -0.9153
vn 0.3603 -0.2558 0.8971
vn 0.3798 -0.0816 0.9214
vn 0.5982 -0.0987 0.7952
vn 0.5773 -0.4249 0.6972
vn 0.9342 -0.1097 0.3394
vn 0.7875 -0.5617 0.2535
vn 0.8971 -0.3464 0.2743
vn 0.9312 -0.2367 0.2772
vn -0.4631 -0.2651 -0.8457
vn 0.1557 -0.1096 -0.9817
vn 0.1516 -0.1311 -0.9797
vn -0.4790 -0.2806 -0.8318
vn -0.8285 -0.5243 -0.1965
vn 0.9564 -0.0866 0.2790
vn -0.9057 0.3721 -0.2028
vn -0.9416 0.2645 0.2084
vn -0.9416 0.2645 -0.2084
vn 0.9601 0.0341 0.2777
vn 0.9569 0.0851 0.2776
vn -0.0399 -0.8793 -0.4746
vn -0.0399 -0.8793 0.4746
vn -0.8947 0.0916 0.4371
vn -0.8947 0.0916 -0.4371
vn 0.1332 -0.0684 0.9887
vn 0.1695 -0.1212 0.9780
vn 0.0818 -0.0009 0.9966
vn 0.0759 0.0110 0.9970
vn 0.0931 -0.0164 0.9955
vn 0.1058 -0.0320 0.9939
vn 0.1195 -0.0506 0.9915
vn 0.9342 -0.1097 -0.3394
vn 0.7875 -0.5617 -0.2535
vn -0.4058 -0.3821 0.8302
vn -0.4156 -0.3377 0.8445
vn 0.1839 -0.0659 0.9807
vn 0.1939 -0.0173 0.9808
vn 0.6254 0.2502 0.7391
vn 0.6428 0.1185 0.7568
vn 0.9209 0.2214 0.3208
vn 0.8741 0.3829 0.2989
vn 0.9250 -0.1215 0.3599
vn 0.9250 -0.1215 -0.3599
vn 0.9281 -0.0258 0.3715
vn -0.7947 -0.5758 0.1919
vn -0.8498 -0.4816 0.2140
vn 0.3925 0.1063 0.9136
vn 0.3909 0.0218 0.9201
vn -0.8894 -0.3989 0.2231
vn -0.9156 -0.3299 0.2297
vn -0.4631 -0.2651 0.8457
vn -0.4402 -0.3109 0.8423
vn 0.4000 -0.0465 0.9153
vn 0.4127 -0.0729 0.9079
vn 0.6342 -0.0490 0.7716
vn 0.6412 0.0061 0.7673
vn 0.1557 -0.1096 0.9817
vn 0.1708 -0.1070 0.9795
vn -0.5241 0.0868 -0.8472
vn 0.1195 -0.0506 -0.9915
vn 0.1447 -0.0793 -0.9863
vn -0.5049 0.1276 -0.8537
vn 0.9360 0.0680 0.3454
vn -0.8894 -0.3989 -0.2231
vn -0.8498 -0.4816 -0.2140
vn -0.9111 -0.3467 0.2226
vn -0.4790 -0.2806 0.8318
vn 0.4147 -0.1105 0.9032
vn 0.6450 -0.1074 0.7566
vn 0.1516 -0.1311 0.9797
vn -0.9111 -0.3467 -0.2226
vn -0.9156 -0.3299 -0.2297
vn -0.5300 -0.8350 0.1475
vn -0.2619 -0.7325 0.6283
vn 0.1640 -0.7123 0.6824
vn -0.0214 -0.2362 -0.9715
vn 0.3115 -0.0350 -0.9496
vn 0.8882 -0.0553 -0.4560
vn 0.5008 -0.7112 0.4932
vn 0.5008 -0.7112 -0.4932
vn 0.7964 -0.5515 -0.2481
vn 0.7964 -0.5515 0.2481
vn -0.5300 -0.8350 -0.1475
vn 0.0880 -0.9959 -0.0192
vn 0.0880 -0.9959 0.0192
vn -0.4402 -0.3109 -0.8423
vn 0.3218 -0.6804 0.6584
vn 0.7457 0.4152 0.5211
vn 0.7457 0.4152 -0.5211
vn -0.2735 0.7754 -0.5690
vn -0.2735 0.7754 0.5690
vn -0.0214 -0.2362 0.9715
vn 0.3115 -0.0350 0.9496
vn -0.0066 0.2524 0.9676
vn -0.3374 0.0476 0.9401
vn 0.1143 0.8741 0.4722
vn 0.8882 -0.0553 0.4560
vn 0.1143 0.8741 -0.4722
vn 0.9209 0.2214 -0.3208
vn 0.8741 0.3829 -0.2989
vn -0.7947 -0.5758 -0.1919
vn -0.9719 -0.1101 -0.2080
vn 0.1640 -0.7123 -0.6824
vn 0.3218 -0.6804 -0.6584
vn 0.5871 -0.2353 -0.7745
vn 0.8971 -0.3464 -0.2743
vn 0.8553 -0.4449 -0.2656
vn 0.5910 -0.3230 -0.7392
vn -0.5049 0.1276 0.8537
vn 0.1447 -0.0793 0.9863
vn -0.9609 0.1790 -0.2113
vn 0.5910 -0.3230 0.7392
vn 0.8553 -0.4449 0.2656
vn 0.3157 -0.1681 0.9338
vn 0.5338 -0.5082 0.6758
vn 0.6601 -0.3015 0.6879
vn -0.4040 0.5616 0.7220
vn -0.2667 0.6074 0.7483
vn 0.1461 -0.6865 0.7123
vn 0.2928 -0.6856 0.6665
vn -0.2110 0.6674 0.7141
vn -0.1905 0.6708 0.7167
vn 0.6601 -0.3015 -0.6879
vn -0.7164 0.2352 -0.6568
vn -0.6307 -0.5631 -0.5340
vn -0.2110 0.6674 -0.7141
vn -0.1905 0.6708 -0.7167
vn 0.2928 -0.6856 -0.6665
vn 0.5338 -0.5082 -0.6758
vn 0.1514 -0.6572 -0.7383
vn 0.0904 -0.7432 -0.6628
vn -0.2667 0.6074 -0.7483
vn -0.5624 0.4558 -0.6898
vn 0.2582 -0.6412 -0.7226
vn -0.4040 0.5616 -0.7220
vn 0.4237 -0.5527 -0.7176
vn 0.4011 -0.6991 -0.5920
vn 0.1461 -0.6865 -0.7123
vn -0.2845 0.3830 -0.8788
vn -0.3937 0.2370 -0.8881
vn -0.2711 -0.0781 -0.9593
vn -0.3007 -0.2182 -0.9284
vn 0.1883 0.1084 -0.9761
vn 0.1823 0.0945 -0.9787
vn 0.1983 -0.0065 -0.9801
vn 0.1831 -0.0331 -0.9825
vn -0.4817 0.1516 -0.8631
vn -0.4707 0.1652 -0.8666
vn 0.1710 -0.0540 -0.9838
vn 0.1782 -0.0126 -0.9839
vn 0.1813 -0.0038 -0.9834
vn 0.1719 -0.0271 -0.9847
vn 0.1756 -0.0198 -0.9843
vn 0.1592 -0.0649 -0.9851
vn 0.1434 -0.0753 -0.9868
vn 0.1700 0.0126 -0.9854
vn 0.1602 0.0115 -0.9870
vn 0.1249 -0.0970 -0.9874
vn 0.1704 -0.0788 -0.9822
vn 0.1634 0.0163 -0.9864
vn 0.1632 0.0245 -0.9863
vn 0.1596 0.0075 -0.9871
vn 0.1629 0.0289 -0.9862
vn 0.1629 0.0315 -0.9861
vn 0.1695 0.0441 -0.9845
vn 0.1694 0.0489 -0.9843
vn 0.1708 0.0541 -0.9838
vn 0.1706 0.0600 -0.9835
vn 0.1621 0.0326 -0.9862
vn 0.1749 0.0674 -0.9822
vn 0.1649 0.0372 -0.9856
vn 0.1780 0.0850 -0.9803
vn 0.1926 0.1280 -0.9729
vn 0.1771 0.0762 -0.9812
vn 0.2006 0.1492 -0.9682
vn 0.2139 0.1842 -0.9593
vn 0.2091 0.2657 -0.9411
vn -0.4480 -0.2168 -0.8673
vn -0.3918 -0.3371 -0.8560
vn -0.4219 -0.2012 -0.8840
vn -0.1832 -0.1127 -0.9766
vn -0.3442 -0.0208 -0.9387
vn -0.3749 -0.0603 -0.9251
vn -0.2314 -0.2379 -0.9433
vn -0.4441 -0.1121 -0.8889
vn -0.1559 -0.1338 -0.9786
vn 0.1315 0.3465 -0.9287
vn -0.4017 0.0922 -0.9111
vn -0.1389 0.0071 -0.9903
vn -0.3910 -0.2192 -0.8939
vn -0.2026 -0.0857 -0.9755
vn -0.4543 -0.1938 -0.8695
vn -0.6894 -0.2702 -0.6721
vn -0.3523 -0.1754 -0.9193
vn -0.0387 -0.1766 -0.9835
vn -0.8427 -0.0251 -0.5377
vn -0.5925 -0.0269 -0.8051
vn -0.5418 0.0551 -0.8386
vn -0.6954 0.0281 -0.7180
vn 0.3798 0.0473 -0.9238
vn 0.1064 -0.0019 -0.9943
vn -0.0542 0.2008 -0.9781
vn 0.0029 0.0103 -0.9999
vn -0.5814 -0.1235 -0.8042
vn -0.5988 -0.1322 -0.7899
vn -0.6333 -0.1177 -0.7649
vn -0.1516 -0.2924 -0.9442
vn 0.2446 0.0621 -0.9676
vn 0.2160 0.0252 -0.9760
vn -0.3612 -0.2623 -0.8948
vn -0.2137 -0.0739 -0.9741
vn -0.4658 -0.1527 -0.8716
vn -0.7201 -0.2147 -0.6598
vn -0.4858 0.3041 -0.8194
vn 0.1342 -0.0883 -0.9870
vn -0.5277 0.2796 -0.8020
vn -0.7360 -0.1809 -0.6524
vn -0.6827 -0.1753 -0.7093
vn 0.2942 0.1119 -0.9492
vn -0.1956 -0.0526 -0.9792
vn -0.5484 -0.0045 -0.8361
vn -0.3145 -0.0405 -0.9484
vn -0.5290 0.0809 -0.8447
vn -0.3172 -0.3513 -0.8809
vn -0.7391 0.1703 -0.6517
vn -0.6572 0.1690 -0.7345
vn -0.4684 -0.0254 -0.8831
vn -0.4513 0.0119 -0.8923
vn -0.4472 0.0505 -0.8930
vn -0.3436 0.0275 -0.9387
vn -0.5594 0.1349 -0.8178
vn -0.4525 0.0701 -0.8890
vn -0.4274 0.1179 -0.8963
vn -0.1198 -0.0274 -0.9924
vn -0.3921 0.1927 -0.8995
vn -0.1807 -0.0235 -0.9832
vn -0.4327 0.0662 -0.8991
vn -0.7731 0.0951 -0.6270
vn -0.4581 0.0361 -0.8881
vn -0.5285 0.0956 -0.8435
vn -0.6005 0.0984 -0.7935
vn -0.4984 0.1284 -0.8574
vn -0.4918 0.1301 -0.8609
vn -0.5373 -0.0072 -0.8433
vn -0.4874 -0.0360 -0.8724
vn -0.4841 0.1390 -0.8638
vn -0.4888 0.1096 -0.8654
vn -0.3944 -0.0131 -0.9188
vn -0.0063 0.0056 -0.9999
vn -0.4020 -0.1248 -0.9071
vn -0.2902 -0.0203 -0.9567
vn -0.4318 0.1442 -0.8903
vn -0.4537 0.0482 -0.8898
vn -0.3660 -0.0469 -0.9294
vn -0.3861 -0.1471 -0.9106
vn -0.0407 -0.0671 -0.9969
vn -0.3669 -0.0255 -0.9299
vn -0.4260 0.0642 -0.9024
vn -0.0113 -0.0212 -0.9997
vn -0.3267 -0.0696 -0.9425
vn -0.3484 -0.1827 -0.9193
vn -0.3676 -0.1097 -0.9235
vn -0.3603 -0.0267 -0.9324
vn -0.3621 0.0009 -0.9321
vn -0.3820 0.1751 -0.9074
vn 0.0123 0.0139 -0.9998
vn -0.2057 -0.2737 -0.9396
vn -0.4634 -0.0253 -0.8858
vn -0.2858 0.0121 -0.9582
vn 0.0077 0.0245 -0.9997
vn 0.4269 -0.0426 -0.9033
vn 0.4246 -0.1205 -0.8973
vn -0.3993 -0.1430 -0.9056
vn -0.0082 0.0361 -0.9993
vn 0.3760 0.0049 -0.9266
vn 0.3863 -0.2529 -0.8870
vn 0.3927 -0.1750 -0.9028
vn -0.0895 0.4023 -0.9111
vn -0.4508 -0.0539 -0.8910
vn -0.2433 0.0150 -0.9698
vn -0.2710 0.0165 -0.9624
vn -0.4888 0.1247 -0.8634
vn -0.1834 0.0809 -0.9797
vn -0.1560 0.0792 -0.9846
vn -0.5751 0.2035 -0.7923
vn -0.5263 0.0340 -0.8496
vn 0.2187 0.3408 -0.9143
vn 0.0785 0.4018 -0.9124
vn -0.2180 -0.0623 -0.9739
vn -0.4595 0.1831 -0.8690
vn -0.0379 0.1523 -0.9876
vn 0.0070 -0.0010 -1.0000
vn 0.0088 -0.0008 -0.9999
vn -0.1262 0.0095 -0.9919
vn 0.1615 -0.2334 -0.9589
vn 0.2686 0.0890 -0.9591
vn 0.0150 -0.1777 -0.9839
vn 0.3799 0.1569 -0.9116
vn 0.0721 -0.0396 -0.9966
vn 0.1065 -0.0494 -0.9931
vn 0.0183 -0.0107 -0.9998
vn 0.0055 0.0001 -1.0000
vn 0.0136 -0.0026 -0.9999
vn 0.0051 0.0093 -0.9999
vn 0.6073 0.1591 -0.7784
vn 0.2798 0.0123 -0.9600
vn 0.3456 -0.1455 -0.9270
vn 0.0481 -0.1059 -0.9932
vn -0.2458 -0.3262 -0.9128
vn 0.2797 0.3614 -0.8895
vn 0.6324 -0.1753 -0.7545
vn 0.5707 -0.1464 -0.8080
vn 0.3830 -0.0215 -0.9235
vn 0.3679 -0.1708 -0.9140
vn -0.0125 -0.0091 -0.9999
vn 0.3587 -0.2075 -0.9101
vn 0.5899 -0.2395 -0.7711
vn -0.0141 0.0834 -0.9964
vn -0.3818 0.1137 -0.9172
vn -0.0343 -0.0392 -0.9986
vn 0.1321 -0.3282 -0.9353
vn 0.1572 -0.0484 -0.9864
vn 0.4711 -0.0649 -0.8797
vn 0.0100 -0.0009 -0.9999
vn 0.0759 0.0927 -0.9928
vn -0.1081 0.3631 -0.9254
vn -0.1185 0.0272 -0.9926
vn 0.1345 -0.0724 -0.9883
vn 0.3021 -0.0884 -0.9491
vn -0.1170 0.0619 -0.9912
vn -0.1188 0.0493 -0.9917
vn 0.2167 -0.0657 -0.9740
vn -0.5152 0.0607 -0.8549
vn 0.0137 0.3522 -0.9358
vn -0.1263 0.0806 -0.9887
vn -0.4171 0.0908 -0.9043
vn 0.3713 -0.2343 -0.8984
vn -0.0086 0.0009 -0.9999
vn 0.2111 0.2904 -0.9333
vn 0.4582 0.0242 -0.8885
vn -0.3950 0.1393 -0.9080
vn 0.1566 -0.3725 -0.9147
vn -0.4075 0.1686 -0.8975
vn -0.5085 -0.1348 -0.8504
vn -0.3695 0.2136 -0.9043
vn -0.1253 0.4116 -0.9027
vn -0.2793 0.3175 -0.9062
vn -0.2931 -0.3585 -0.8863
vn -0.0160 0.0338 -0.9993
vn -0.2997 -0.3002 -0.9055
vn -0.4176 0.0255 -0.9083
vn -0.8187 -0.0441 -0.5726
vn -0.3457 -0.0078 -0.9383
vn -0.3448 0.0422 -0.9377
vn -0.1284 -0.3775 -0.9171
vn -0.7529 -0.2586 -0.6052
vn -0.6697 -0.1870 -0.7186
vn -0.7754 0.0942 -0.6243
vn -0.4932 0.0396 -0.8690
vn -0.2607 -0.3405 -0.9034
vn -0.8341 0.0326 -0.5506
vn -0.8038 0.1073 -0.5852
vn -0.6476 0.1168 -0.7529
vn -0.4573 0.0009 -0.8893
vn -0.5727 0.0190 -0.8195
vn -0.5204 -0.1387 -0.8425
vn -0.7661 -0.1910 -0.6136
vn -0.7259 -0.1367 -0.6740
vn -0.3453 -0.2597 -0.9018
vn -0.1933 -0.2067 -0.9591
vn -0.6063 -0.0757 -0.7916
vn -0.4270 -0.2246 -0.8759
vn -0.5918 -0.0647 -0.8035
vn -0.6927 -0.0245 -0.7207
vn -0.5619 0.0204 -0.8269
vn -0.2661 -0.1157 -0.9569
vn -0.8317 -0.0785 -0.5496
vn -0.5008 -0.0930 -0.8605
vn -0.7873 -0.1300 -0.6027
vn -0.6357 -0.0595 -0.7696
vn -0.4915 -0.0226 -0.8706
vn -0.3677 -0.2288 -0.9013
vn -0.1359 -0.1740 -0.9753
vn 0.1706 0.1404 -0.9753
vn 0.1039 0.1950 -0.9753
vn -0.1404 0.1706 -0.9753
vn -0.1950 0.1039 -0.9753
vn -0.1706 -0.1404 -0.9753
vn -0.1039 -0.1950 -0.9753
vn 0.1950 -0.1039 -0.9753
vn 0.2199 -0.0213 -0.9753
vn 0.0213 0.2199 -0.9753
vn -0.2199 0.0213 -0.9753
vn -0.0213 -0.2199 -0.9753
vn 0.2113 0.0644 -0.9753
vn 0.0644 -0.2113 -0.9753
vn -0.2113 -0.0644 -0.9753
vn 0.1404 -0.1706 -0.9753
vn -0.0644 0.2113 -0.9753
vn 0.2233 0.1838 -0.9572
vn 0.1360 0.2553 -0.9572
vn 0.1838 -0.2233 -0.9572
vn 0.2553 -0.1360 -0.9572
vn -0.2233 -0.1838 -0.9572
vn -0.1360 -0.2553 -0.9572
vn -0.1838 0.2233 -0.9572
vn -0.2553 0.1360 -0.9572
vn 0.0279 0.2879 -0.9572
vn 0.2879 -0.0279 -0.9572
vn -0.0279 -0.2879 -0.9572
vn 0.0844 -0.2767 -0.9572
vn -0.2879 0.0279 -0.9572
vn 0.2767 0.0844 -0.9572
vn -0.0844 0.2767 -0.9572
vn -0.2767 -0.0844 -0.9572
vn -0.2463 -0.2027 -0.9477
vn -0.1500 -0.2816 -0.9477
vn 0.2027 -0.2463 -0.9477
vn 0.2816 -0.1500 -0.9477
vn 0.2463 0.2027 -0.9477
vn 0.1500 0.2816 -0.9477
vn -0.2027 0.2463 -0.9477
vn -0.2816 0.1500 -0.9477
vn -0.0308 -0.3175 -0.9477
vn 0.3175 -0.0308 -0.9477
vn 0.0308 0.3175 -0.9477
vn -0.0931 0.3052 -0.9477
vn -0.3175 0.0308 -0.9477
vn -0.3052 -0.0931 -0.9477
vn 0.3052 0.0931 -0.9477
vn 0.0931 -0.3052 -0.9477
vn -0.3176 -0.2614 -0.9114
vn -0.1934 -0.3631 -0.9114
vn 0.2614 -0.3176 -0.9114
vn 0.3631 -0.1934 -0.9114
vn 0.3176 0.2614 -0.9114
vn 0.1934 0.3631 -0.9114
vn -0.3631 0.1934 -0.9114
vn -0.4094 0.0397 -0.9114
vn -0.0397 -0.4094 -0.9114
vn 0.4094 -0.0397 -0.9114
vn 0.0397 0.4094 -0.9114
vn -0.3935 -0.1200 -0.9114
vn -0.1200 0.3935 -0.9114
vn 0.3935 0.1200 -0.9114
vn -0.2614 0.3176 -0.9114
vn 0.1200 -0.3935 -0.9114
vn 0.0000 0.0000 -1.0000
vn 0.2362 -0.0650 -0.9695
vn 0.5921 -0.1629 -0.7892
vn 0.2709 -0.1072 -0.9566
vn -0.5367 -0.3404 -0.7721
vn -0.4599 -0.2051 -0.8639
vn -0.5062 -0.0834 -0.8583
vn -0.5116 0.0229 -0.8589
vn 0.2101 -0.0263 -0.9773
vn 0.5923 -0.0628 -0.8032
vn -0.4932 0.1866 -0.8496
vn -0.6141 -0.1139 -0.7809
vn 0.1777 0.0204 -0.9839
vn 0.5836 0.0532 -0.8102
vn 0.5828 0.0168 -0.8124
vn 0.1873 0.0036 -0.9823
vn 0.9601 0.0341 -0.2777
vn 0.9564 -0.0866 -0.2790
vn 0.0931 -0.0164 -0.9955
vn 0.1058 -0.0320 -0.9939
vn 0.0759 0.0110 -0.9970
vn 0.0818 -0.0009 -0.9966
vn 0.9569 0.0851 -0.2776
vn 0.6254 0.2502 -0.7391
vn 0.4147 -0.1105 -0.9032
vn 0.6450 -0.1074 -0.7566
vn 0.4127 -0.0729 -0.9079
vn 0.1708 -0.1070 -0.9795
vn -0.2619 -0.7325 -0.6283
vn 0.1695 -0.1212 -0.9780
vn -0.3374 0.0476 -0.9401
vn -0.0066 0.2524 -0.9676
vn 0.1332 -0.0684 -0.9887
vn 0.5982 -0.0987 -0.7952
vn 0.3798 -0.0816 -0.9214
vn 0.3925 0.1063 -0.9136
vn 0.5773 -0.4249 -0.6972
vn 0.3157 -0.1681 -0.9338
vn 0.3603 -0.2558 -0.8971
vn 0.9312 -0.2367 -0.2772
usemtl sword_material
s 1
f 601/1/1 455/2/2 2/3/3 97/4/4
f 566/5/5 458/6/6 5/7/7 71/8/8
f 455/2/2 456/9/9 3/10/10 2/3/3
f 594/11/11 457/12/12 4/13/13 93/14/14
f 459/15/15 460/16/16 7/17/17 6/18/18
f 461/19/19 494/20/20 11/21/21 8/22/22
f 462/23/23 463/24/24 10/25/25 9/26/26
f 460/16/16 461/19/19 8/22/22 7/17/17
f 494/20/20 462/23/23 9/26/26 11/21/21
f 5/7/7 458/6/6 459/15/15 6/18/18
f 492/27/27 493/28/28 17/29/29 16/30/30
f 491/31/31 480/32/32 12/33/33 15/34/34
f 490/35/35 491/31/31 15/34/34 14/36/36
f 493/28/28 481/37/37 13/38/38 17/29/29
f 480/32/32 492/27/27 16/30/30 12/33/33
f 10/25/25 463/24/24 490/35/35 14/36/36
f 464/39/39 483/40/40 22/41/41 18/42/42
f 483/40/40 465/43/43 19/44/44 22/41/41
f 465/43/43 484/45/45 23/46/46 19/44/44
f 484/45/45 466/47/47 20/48/48 23/46/46
f 482/49/49 464/39/39 18/42/42 21/50/50
f 13/38/38 481/37/37 482/49/49 21/50/50
f 479/51/51 485/52/52 26/53/53 25/54/54
f 485/52/52 467/55/55 24/56/56 26/53/53
f 489/57/57 479/51/51 25/54/54 28/58/58
f 467/55/55 486/59/59 27/60/60 24/56/56
f 20/48/48 466/47/47 489/57/57 28/58/58
f 468/61/61 487/62/62 31/63/63 29/64/64
f 487/62/62 469/65/65 30/66/66 31/63/63
f 27/60/60 486/59/59 468/61/61 29/64/64
f 32/67/67 30/66/66 469/65/65 488/68/68
f 453/69/69 454/70/70 1/71/71 33/72/72
f 528/73/73 453/69/69 33/72/72 34/74/74
f 448/75/75 449/76/76 53/77/77 52/78/78
f 449/76/76 450/79/79 54/80/80 53/77/77
f 186/81/81 161/82/82 684/83/83 723/84/84
f 450/79/79 451/85/85 55/86/86 54/80/80
f 181/87/87 203/88/88 755/89/89 718/90/90
f 441/91/91 442/92/92 46/93/93 45/94/94
f 185/95/95 160/96/96 159/97/97 184/98/98
f 741/99/99 668/100/100 152/101/101 194/102/102
f 434/103/103 470/104/104 56/105/105 35/106/106
f 471/107/107 441/91/91 45/94/94 57/108/108
f 598/109/109 95/110/110 128/111/111 635/112/112
f 657/113/113 471/107/107 57/108/108 142/114/114
f 195/115/115 170/116/116 169/117/117 198/118/118
f 444/119/119 445/120/120 49/121/121 48/122/122
f 748/123/123 472/124/124 170/116/116 195/115/115
f 600/125/125 446/126/126 50/127/127 98/128/128
f 198/118/118 169/117/117 172/129/129 197/130/130
f 753/131/131 693/132/132 166/133/133 201/134/134
f 446/126/126 447/135/135 51/136/136 50/127/127
f 201/134/134 166/133/133 165/137/137 199/138/138
f 205/139/139 204/140/140 164/141/141 203/88/88
f 447/135/135 448/75/75 52/78/78 51/136/136
f 200/142/142 167/143/143 694/144/144 750/145/145
f 30/66/66 32/67/67 69/146/146 44/147/147
f 62/148/148 31/63/63 30/66/66 44/147/147
f 29/64/64 31/63/63 62/148/148 43/149/149
f 63/150/150 27/60/60 29/64/64 43/149/149
f 24/56/56 27/60/60 63/150/150 42/151/151
f 66/152/152 26/53/53 24/56/56 42/151/151
f 25/54/54 26/53/53 66/152/152 41/153/153
f 65/154/154 28/58/58 25/54/54 41/153/153
f 20/48/48 28/58/58 65/154/154 40/155/155
f 68/156/156 23/46/46 20/48/48 40/155/155
f 19/44/44 23/46/46 68/156/156 39/157/157
f 67/158/158 22/41/41 19/44/44 39/157/157
f 18/42/42 22/41/41 67/158/158 38/159/159
f 64/160/160 21/50/50 18/42/42 38/159/159
f 13/38/38 21/50/50 64/160/160 37/161/161
f 61/162/162 17/29/29 13/38/38 37/161/161
f 16/30/30 17/29/29 61/162/162 60/163/163
f 36/164/164 12/33/33 16/30/30 60/163/163
f 15/34/34 12/33/33 36/164/164 59/165/165
f 58/166/166 14/36/36 15/34/34 59/165/165
f 8/22/22 11/21/21 89/167/167 86/168/168
f 7/17/17 8/22/22 86/168/168 82/169/169
f 93/14/14 4/13/13 74/170/170 94/171/171
f 2/3/3 3/10/10 77/172/172 75/173/173
f 644/174/174 566/5/5 71/8/8 133/175/175
f 571/176/176 73/177/177 46/93/93 442/92/92
f 569/178/178 70/179/179 73/177/177 571/176/176
f 6/18/18 7/17/17 82/169/169 84/180/180
f 5/7/7 6/18/18 84/180/180 87/181/181
f 134/182/182 47/183/183 78/184/184 136/185/185
f 87/181/181 76/186/186 71/8/8 5/7/7
f 72/187/187 70/179/179 569/178/178 572/188/188
f 134/182/182 72/187/187 572/188/188 647/189/189
f 75/173/173 80/190/190 48/122/122 49/121/121
f 135/191/191 74/170/170 4/13/13 133/175/175
f 96/192/192 78/184/184 47/183/183 95/110/110
f 81/193/193 85/194/194 45/94/94 46/93/93
f 83/195/195 81/193/193 46/93/93 73/177/177
f 88/196/196 83/195/195 73/177/177 70/179/179
f 85/194/194 89/167/167 57/108/108 45/94/94
f 125/197/197 76/186/186 87/181/181 126/198/198
f 72/187/187 79/199/199 88/196/196 70/179/179
f 592/200/200 528/73/73 34/74/74 92/201/201
f 452/202/202 590/203/203 91/204/204 90/205/205
f 149/206/206 148/207/207 53/77/77 54/80/80
f 145/208/208 90/205/205 91/204/204 149/206/206
f 590/203/203 592/200/200 92/201/201 91/204/204
f 147/209/209 146/210/210 51/136/136 52/78/78
f 148/207/207 147/209/209 52/78/78 53/77/77
f 3/10/10 93/14/14 94/171/171 77/172/172
f 456/9/9 594/11/11 93/14/14 3/10/10
f 80/190/190 96/192/192 95/110/110 48/122/122
f 48/122/122 95/110/110 598/109/109 444/119/119
f 150/211/211 143/212/212 1/71/71 97/4/4
f 98/128/128 150/211/211 75/173/173 49/121/121
f 454/70/70 601/1/1 97/4/4 1/71/71
f 125/197/197 79/199/199 1011/213/213 1010/214/214
f 87/181/181 84/180/180 1022/215/215 1024/216/216
f 83/195/195 88/196/196 1017/217/217 1023/218/218
f 126/198/198 87/181/181 1024/216/216 1016/219/219
f 96/192/192 80/190/190 1013/220/220 1012/221/221
f 78/184/184 96/192/192 1012/221/221 1015/222/222
f 86/168/168 89/167/167 1025/223/223 1019/224/224
f 77/172/172 94/171/171 1004/225/225 1007/226/226
f 136/185/185 78/184/184 1015/222/222 1014/227/227
f 89/167/167 85/194/194 1020/228/228 1025/223/223
f 94/171/171 74/170/170 1005/229/229 1004/225/225
f 82/169/169 86/168/168 1019/224/224 1018/230/230
f 80/190/190 75/173/173 1006/231/231 1013/220/220
f 75/173/173 77/172/172 1007/226/226 1006/231/231
f 85/194/194 81/193/193 1021/232/232 1020/228/228
f 135/191/191 76/186/186 1009/233/233 1008/234/234
f 84/180/180 82/169/169 1018/230/230 1022/215/215
f 81/193/193 83/195/195 1023/218/218 1021/232/232
f 139/235/235 121/236/236 104/237/237 138/238/238
f 123/239/239 122/240/240 103/241/241 116/242/242
f 124/243/243 123/239/239 116/242/242 105/244/244
f 118/245/245 117/246/246 112/247/247 109/248/248
f 119/249/249 118/245/245 109/248/248 107/250/250
f 120/251/251 119/249/249 107/250/250 111/252/252
f 110/253/253 106/254/254 119/249/249 120/251/251
f 106/254/254 108/255/255 118/245/245 119/249/249
f 108/255/255 113/256/256 117/246/246 118/245/245
f 102/257/257 115/258/258 123/239/239 124/243/243
f 115/258/258 99/259/259 122/240/240 123/239/239
f 137/260/260 101/261/261 121/236/236 139/235/235
f 102/257/257 124/243/243 105/244/244 100/262/262
f 114/263/263 110/253/253 120/251/251 111/252/252
f 79/199/199 125/197/197 126/198/198 88/196/196
f 88/196/196 126/198/198 1016/219/219 1017/217/217
f 76/186/186 125/197/197 1010/214/214 1009/233/233
f 655/264/264 140/265/265 130/266/266 639/267/267
f 47/183/183 443/268/268 632/269/269 127/270/270
f 95/110/110 47/183/183 127/270/270 128/111/111
f 130/266/266 129/271/271 636/272/272 639/267/267
f 140/265/265 141/273/273 129/271/271 130/266/266
f 141/273/273 653/274/274 636/272/272 129/271/271
f 9/26/26 10/25/25 35/106/106 56/105/105
f 69/146/146 132/275/275 640/276/276 478/277/277
f 32/67/67 488/68/68 641/278/278 131/279/279
f 69/146/146 32/67/67 131/279/279 132/275/275
f 99/259/259 137/260/260 139/235/235 122/240/240
f 122/240/240 139/235/235 138/238/238 103/241/241
f 74/170/170 135/191/191 1008/234/234 1005/229/229
f 79/199/199 136/185/185 1014/227/227 1011/213/213
f 76/186/186 135/191/191 133/175/175 71/8/8
f 47/183/183 134/182/182 647/189/189 443/268/268
f 72/187/187 134/182/182 136/185/185 79/199/199
f 457/12/12 644/174/174 133/175/175 4/13/13
f 127/270/270 632/269/269 653/274/274 141/273/273
f 128/111/111 127/270/270 141/273/273 140/265/265
f 635/112/112 128/111/111 140/265/265 655/264/264
f 10/25/25 14/36/36 58/166/166 35/106/106
f 131/279/279 641/278/278 640/276/276 132/275/275
f 146/210/210 143/212/212 50/127/127 51/136/136
f 92/201/201 34/74/74 147/209/209 148/207/207
f 470/104/104 657/113/113 142/114/114 56/105/105
f 142/114/114 57/108/108 89/167/167 144/280/280
f 98/128/128 50/127/127 143/212/212 150/211/211
f 33/72/72 1/71/71 143/212/212 146/210/210
f 9/26/26 56/105/105 142/114/114 144/280/280
f 11/21/21 9/26/26 144/280/280 89/167/167
f 34/74/74 33/72/72 146/210/210 147/209/209
f 55/86/86 145/208/208 149/206/206 54/80/80
f 91/204/204 92/201/201 148/207/207 149/206/206
f 150/211/211 97/4/4 2/3/3 75/173/173
f 445/120/120 600/125/125 98/128/128 49/121/121
f 667/281/281 151/282/282 152/101/101 668/100/100
f 194/102/102 152/101/101 151/282/282 193/283/283
f 193/283/283 151/282/282 667/281/281 742/284/284
f 158/285/285 155/286/286 673/287/287 677/288/288
f 157/289/289 154/290/290 153/291/291 156/292/292
f 671/293/293 153/291/291 154/290/290 672/294/294
f 673/287/287 155/286/286 153/291/291 671/293/293
f 681/295/295 672/294/294 154/290/290 157/289/289
f 156/292/292 153/291/291 155/286/286 158/285/285
f 62/148/148 156/292/292 158/285/285 43/149/149
f 440/296/296 681/295/295 157/289/289 44/147/147
f 477/297/297 159/97/97 160/96/96 683/298/298
f 684/83/83 161/82/82 159/97/97 477/297/297
f 727/299/299 683/298/298 160/96/96 185/95/95
f 184/98/98 159/97/97 161/82/82 186/81/81
f 689/300/300 164/141/141 204/140/140 758/301/301
f 476/302/302 162/303/303 163/304/304 688/305/305
f 722/306/306 688/305/305 163/304/304 183/307/307
f 183/307/307 163/304/304 162/303/303 182/308/308
f 475/309/309 165/137/137 166/133/133 693/132/132
f 694/144/144 167/143/143 168/310/310 695/311/311
f 695/311/311 168/310/310 165/137/137 475/309/309
f 202/312/312 168/310/310 167/143/143 200/142/142
f 199/138/138 165/137/137 168/310/310 202/312/312
f 473/313/313 169/117/117 170/116/116 472/124/124
f 700/314/314 171/315/315 172/129/129 701/316/316
f 701/316/316 172/129/129 169/117/117 473/313/313
f 197/130/130 172/129/129 171/315/315 196/317/317
f 196/317/317 171/315/315 700/314/314 745/318/318
f 35/106/106 174/319/319 708/320/320 434/103/103
f 58/166/166 176/321/321 174/319/319 35/106/106
f 59/165/165 175/322/322 176/321/321 58/166/166
f 435/323/323 711/324/324 173/325/325 36/164/164
f 36/164/164 173/325/325 175/322/322 59/165/165
f 61/162/162 177/326/326 180/327/327 60/163/163
f 60/163/163 180/327/327 178/328/328 36/164/164
f 36/164/164 178/328/328 714/329/329 435/323/323
f 37/161/161 179/330/330 177/326/326 61/162/162
f 436/331/331 716/332/332 179/330/330 37/161/161
f 38/159/159 183/307/307 182/308/308 64/160/160
f 437/333/333 722/306/306 183/307/307 38/159/159
f 64/160/160 182/308/308 181/87/87 37/161/161
f 37/161/161 181/87/87 718/90/90 436/331/331
f 67/158/158 184/98/98 186/81/81 38/159/159
f 438/334/334 727/299/299 185/95/95 39/157/157
f 39/157/157 185/95/95 184/98/98 67/158/158
f 38/159/159 186/81/81 723/84/84 437/333/333
f 44/147/147 157/289/289 156/292/292 62/148/148
f 43/149/149 158/285/285 677/288/288 474/335/335
f 42/151/151 187/336/336 731/337/337 738/338/338
f 43/149/149 188/339/339 189/340/340 63/150/150
f 474/335/335 682/341/341 188/339/339 43/149/149
f 63/150/150 189/340/340 187/336/336 42/151/151
f 189/340/340 192/342/342 190/343/343 187/336/336
f 682/341/341 736/344/344 191/345/345 188/339/339
f 735/346/346 190/343/343 192/342/342 737/347/347
f 737/347/347 192/342/342 191/345/345 736/344/344
f 188/339/339 191/345/345 192/342/342 189/340/340
f 187/336/336 190/343/343 735/346/346 731/337/337
f 44/147/147 193/283/283 742/284/284 440/296/296
f 69/146/146 194/102/102 193/283/283 44/147/147
f 478/277/277 741/99/99 194/102/102 69/146/146
f 174/319/319 196/317/317 745/318/318 708/320/320
f 176/321/321 197/130/130 196/317/317 174/319/319
f 175/322/322 198/118/118 197/130/130 176/321/321
f 711/324/324 748/123/123 195/115/115 173/325/325
f 173/325/325 195/115/115 198/118/118 175/322/322
f 177/326/326 199/138/138 202/312/312 180/327/327
f 180/327/327 202/312/312 200/142/142 178/328/328
f 178/328/328 200/142/142 750/145/145 714/329/329
f 179/330/330 201/134/134 199/138/138 177/326/326
f 716/332/332 753/131/131 201/134/134 179/330/330
f 203/88/88 164/141/141 689/300/300 755/89/89
f 204/140/140 162/303/303 476/302/302 758/301/301
f 182/308/308 205/139/139 203/88/88 181/87/87
f 162/303/303 204/140/140 205/139/139 182/308/308
f 211/348/348 208/349/349 762/350/350 766/351/351
f 210/352/352 207/353/353 206/354/354 209/355/355
f 760/356/356 206/354/354 207/353/353 761/357/357
f 762/350/350 208/349/349 206/354/354 760/356/356
f 770/358/358 761/357/357 207/353/353 210/352/352
f 209/355/355 206/354/354 208/349/349 211/348/348
f 66/152/152 209/355/355 211/348/348 41/153/153
f 738/338/338 770/358/358 210/352/352 42/151/151
f 42/151/151 210/352/352 209/355/355 66/152/152
f 41/153/153 211/348/348 766/351/351 439/359/359
f 217/360/360 214/361/361 774/362/362 778/363/363
f 216/364/364 213/365/365 212/366/366 215/367/367
f 772/368/368 212/366/366 213/365/365 773/369/369
f 774/362/362 214/361/361 212/366/366 772/368/368
f 782/370/370 773/369/369 213/365/365 216/364/364
f 215/367/367 212/366/366 214/361/361 217/360/360
f 68/156/156 215/367/367 217/360/360 39/157/157
f 771/371/371 782/370/370 216/364/364 40/155/155
f 40/155/155 216/364/364 215/367/367 68/156/156
f 39/157/157 217/360/360 778/363/363 438/334/334
f 223/372/372 220/373/373 785/374/374 789/375/375
f 222/376/376 219/377/377 218/378/378 221/379/379
f 783/380/380 218/378/378 219/377/377 784/381/381
f 785/374/374 220/373/373 218/378/378 783/380/380
f 793/382/382 784/381/381 219/377/377 222/376/376
f 221/379/379 218/378/378 220/373/373 223/372/372
f 65/154/154 221/379/379 223/372/372 40/155/155
f 439/359/359 793/382/382 222/376/376 41/153/153
f 41/153/153 222/376/376 221/379/379 65/154/154
f 40/155/155 223/372/372 789/375/375 771/371/371
f 804/383/383 803/384/384 819/385/385 820/386/386
f 801/387/387 800/388/388 816/389/389 817/390/390
f 805/391/391 804/383/383 820/386/386 821/392/392
f 809/393/393 808/394/394 824/395/395 825/396/396
f 797/397/397 796/398/398 812/399/399 813/400/400
f 802/401/401 801/387/387 817/390/390 818/402/402
f 806/403/403 805/391/391 821/392/392 822/404/404
f 330/405/405 900/406/406 899/407/407 329/408/408
f 795/409/409 794/410/410 810/411/411 811/412/412
f 799/413/413 798/414/414 814/415/415 815/416/416
f 794/410/410 809/393/393 825/396/396 810/411/411
f 807/417/417 806/403/403 822/404/404 823/418/418
f 803/384/384 802/401/401 818/402/402 819/385/385
f 800/388/388 799/413/413 815/416/416 816/389/389
f 796/398/398 795/409/409 811/412/412 812/399/399
f 808/394/394 807/417/417 823/418/418 824/395/395
f 236/419/419 252/420/420 251/421/421 235/422/422
f 229/423/423 245/424/424 244/425/425 228/426/426
f 237/427/427 253/428/428 252/420/420 236/419/419
f 230/429/429 246/430/430 245/424/424 229/423/423
f 238/431/431 254/432/432 253/428/428 237/427/427
f 231/433/433 247/434/434 246/430/430 230/429/429
f 239/435/435 255/436/436 254/432/432 238/431/431
f 232/437/437 248/438/438 247/434/434 231/433/433
f 225/439/439 241/440/440 240/441/441 224/442/442
f 224/442/442 240/441/441 255/436/436 239/435/435
f 233/443/443 249/444/444 248/438/438 232/437/437
f 226/445/445 242/446/446 241/440/440 225/439/439
f 234/447/447 250/448/448 249/444/444 233/443/443
f 227/449/449 243/450/450 242/446/446 226/445/445
f 235/422/422 251/421/421 250/448/448 234/447/447
f 228/426/426 244/425/425 243/450/450 227/449/449
f 242/446/446 258/451/451 257/452/452 241/440/440
f 250/448/448 266/453/453 265/454/454 249/444/444
f 243/450/450 259/455/455 258/451/451 242/446/446
f 251/421/421 267/456/456 266/453/453 250/448/448
f 244/425/425 260/457/457 259/455/455 243/450/450
f 252/420/420 268/458/458 267/456/456 251/421/421
f 245/424/424 261/459/459 260/457/457 244/425/425
f 253/428/428 269/460/460 268/458/458 252/420/420
f 246/430/430 262/461/461 261/459/459 245/424/424
f 254/432/432 270/462/462 269/460/460 253/428/428
f 247/434/434 263/463/463 262/461/461 246/430/430
f 255/436/436 271/464/464 270/462/462 254/432/432
f 248/438/438 264/465/465 263/463/463 247/434/434
f 241/440/440 257/452/452 256/466/466 240/441/441
f 240/441/441 256/466/466 271/464/464 255/436/436
f 249/444/444 265/454/454 264/465/465 248/438/438
f 263/463/463 279/467/467 278/468/468 262/461/461
f 271/464/464 287/469/469 286/470/470 270/462/462
f 264/465/465 280/471/471 279/467/467 263/463/463
f 257/452/452 273/472/472 272/473/473 256/466/466
f 256/466/466 272/473/473 287/469/469 271/464/464
f 265/454/454 281/474/474 280/471/471 264/465/465
f 258/451/451 274/475/475 273/472/472 257/452/452
f 266/453/453 282/476/476 281/474/474 265/454/454
f 259/455/455 275/477/477 274/475/475 258/451/451
f 267/456/456 283/478/478 282/476/476 266/453/453
f 260/457/457 276/479/479 275/477/477 259/455/455
f 268/458/458 284/480/480 283/478/478 267/456/456
f 261/459/459 277/481/481 276/479/479 260/457/457
f 269/460/460 285/482/482 284/480/480 268/458/458
f 262/461/461 278/468/468 277/481/481 261/459/459
f 270/462/462 286/470/470 285/482/482 269/460/460
f 284/480/480 300/483/483 299/484/484 283/478/478
f 277/481/481 293/485/485 292/486/486 276/479/479
f 285/482/482 301/487/487 300/483/483 284/480/480
f 278/468/468 294/488/488 293/485/485 277/481/481
f 286/470/470 302/489/489 301/487/487 285/482/482
f 279/467/467 295/490/490 294/488/488 278/468/468
f 287/469/469 303/491/491 302/489/489 286/470/470
f 280/471/471 296/492/492 295/490/490 279/467/467
f 273/472/472 289/493/493 288/494/494 272/473/473
f 272/473/473 288/494/494 303/491/491 287/469/469
f 281/474/474 297/495/495 296/492/492 280/471/471
f 274/475/475 290/496/496 289/493/493 273/472/472
f 282/476/476 298/497/497 297/495/495 281/474/474
f 275/477/477 291/498/498 290/496/496 274/475/475
f 283/478/478 299/484/484 298/497/497 282/476/476
f 276/479/479 292/486/486 291/498/498 275/477/477
f 290/496/496 306/499/499 305/500/500 289/493/493
f 298/497/497 314/501/501 313/502/502 297/495/495
f 291/498/498 307/503/503 306/499/499 290/496/496
f 299/484/484 315/504/504 314/501/501 298/497/497
f 292/486/486 308/505/505 307/503/503 291/498/498
f 300/483/483 316/506/506 315/504/504 299/484/484
f 293/485/485 309/507/507 308/505/505 292/486/486
f 301/487/487 317/508/508 316/506/506 300/483/483
f 294/488/488 310/509/509 309/507/507 293/485/485
f 302/489/489 318/510/510 317/508/508 301/487/487
f 295/490/490 311/511/511 310/509/509 294/488/488
f 303/491/491 319/512/512 318/510/510 302/489/489
f 296/492/492 312/513/513 311/511/511 295/490/490
f 289/493/493 305/500/500 304/514/514 288/494/494
f 288/494/494 304/514/514 319/512/512 303/491/491
f 297/495/495 313/502/502 312/513/513 296/492/492
f 320/515/515 316/506/506 317/508/508 318/510/510
f 310/509/509 311/511/511 312/513/513 320/515/515
f 304/514/514 320/515/515 318/510/510 319/512/512
f 308/505/505 309/507/507 310/509/509 320/515/515
f 320/515/515 314/501/501 315/504/504 316/506/506
f 306/499/499 307/503/503 308/505/505 320/515/515
f 312/513/513 313/502/502 314/501/501 320/515/515
f 305/500/500 306/499/499 320/515/515 304/514/514
f 328/516/516 327/517/517 324/518/518 323/519/519
f 330/405/405 329/408/408 322/520/520 321/521/521
f 329/408/408 328/516/516 323/519/519 322/520/520
f 327/517/517 326/522/522 325/523/523 324/518/518
f 424/524/524 419/525/525 338/526/526 335/527/527
f 961/528/528 960/529/529 935/530/530 932/531/531
f 344/532/532 346/533/533 334/534/534 332/535/535
f 918/536/536 348/537/537 346/533/533 916/538/538
f 402/539/539 354/540/540 342/541/541 399/542/542
f 423/543/543 424/524/524 335/527/527 336/544/544
f 920/545/545 350/546/546 348/537/537 918/536/536
f 346/533/533 348/537/537 337/547/547 334/534/534
f 348/537/537 350/546/546 339/548/548 337/547/547
f 422/549/549 423/543/543 336/544/544 333/550/550
f 350/546/546 352/551/551 340/552/552 339/548/548
f 966/553/553 968/554/554 938/555/555 936/556/556
f 421/557/557 422/549/549 333/550/550 331/558/558
f 995/559/559 931/560/560 966/561/553 1001/562/561
f 432/563/562 420/564/563 341/565/564 400/566/565
f 400/567/565 341/568/564 353/569/566 401/570/567
f 335/571/527 338/572/526 351/573/568 349/574/569
f 937/575/570 940/576/571 945/577/572 942/578/573
f 916/538/538 346/533/533 344/532/532 914/579/574
f 336/580/544 335/571/527 349/574/569 347/581/575
f 972/582/576 402/539/539 407/583/577 977/584/578
f 331/585/558 333/586/550 345/587/579 343/588/580
f 952/589/581 382/590/582 381/591/583 951/592/584
f 333/586/550 336/580/544 347/581/575 345/587/579
f 399/593/542 342/594/541 360/595/585 403/596/586
f 332/597/535 334/598/534 356/599/587 355/600/588
f 334/598/534 337/601/547 357/602/589 356/599/587
f 337/601/547 339/603/548 359/604/590 357/602/589
f 339/603/548 340/605/552 358/606/591 359/604/590
f 353/569/566 923/607/592 971/608/593 401/570/567
f 391/609/594 362/610/595 365/611/596 390/612/597
f 393/613/598 361/614/599 363/615/600 392/616/601
f 373/617/602 943/618/603 938/555/555 368/619/604
f 389/620/605 364/621/606 362/622/595 391/623/594
f 430/624/607 425/625/608 361/626/599 393/627/598
f 395/628/609 369/629/610 367/630/611 394/631/612
f 431/632/613 426/633/614 366/634/615 396/635/616
f 394/636/612 367/637/611 370/638/617 397/639/618
f 910/640/619 928/641/620 978/642/621 975/643/622
f 396/644/616 366/645/615 368/619/604 398/646/623
f 965/647/624 395/628/609 364/621/606 934/648/625
f 369/629/610 374/649/626 372/650/627 367/630/611
f 426/633/614 427/651/628 371/652/629 366/634/615
f 367/637/611 372/653/627 375/654/630 370/638/617
f 944/655/631 374/649/626 369/629/610 939/656/632
f 366/645/615 371/657/629 373/617/602 368/619/604
f 374/649/626 378/658/633 376/659/634 372/650/627
f 372/653/627 376/660/634 379/661/635 375/654/630
f 952/662/581 956/663/636 957/664/637 953/665/638
f 429/666/639 999/667/640 947/668/641 377/669/642
f 378/670/633 948/671/643 950/672/644 380/673/645
f 934/648/625 932/674/531 964/675/646 965/647/624
f 380/673/645 379/676/635 376/677/634 378/670/633
f 429/666/639 428/678/647 379/676/635 380/673/645
f 414/679/648 984/680/649 983/681/650 413/682/651
f 386/683/652 387/684/653 388/685/654 385/686/655
f 384/687/656 381/688/583 385/686/655 388/685/654
f 382/689/582 383/690/657 387/684/653 386/683/652
f 383/690/657 384/687/656 388/685/654 387/684/653
f 381/688/583 382/689/582 386/683/652 385/686/655
f 954/691/658 384/692/656 383/693/657 953/694/638
f 951/592/584 381/591/583 384/695/656 954/696/658
f 953/694/638 383/693/657 382/697/582 952/698/581
f 420/564/563 430/624/607 393/627/598 341/565/564
f 354/540/540 389/620/605 391/623/594 342/541/541
f 363/615/600 933/699/659 962/700/660 392/616/601
f 341/568/564 393/613/598 392/616/601 353/569/566
f 342/594/541 391/609/594 390/612/597 360/595/585
f 959/701/661 389/620/605 354/540/540 924/702/662
f 999/667/640 950/672/644 949/703/663 998/704/664
f 361/614/599 396/644/616 398/646/623 363/615/600
f 908/705/665 921/706/666 976/707/667 974/708/668
f 362/610/595 394/636/612 397/639/618 365/611/596
f 425/625/608 431/632/613 396/635/616 361/626/599
f 364/621/606 395/628/609 394/631/612 362/622/595
f 405/709/669 399/593/542 403/596/586 408/710/670
f 922/711/671 352/551/551 350/546/546 920/545/545
f 404/712/672 400/567/565 401/570/567 406/713/673
f 433/714/674 432/563/562 400/566/565 404/715/672
f 407/583/577 402/539/539 399/542/542 405/716/669
f 352/551/551 407/583/577 405/716/669 340/552/552
f 948/717/643 378/658/633 374/649/626 944/655/631
f 419/525/525 433/714/674 404/715/672 338/526/526
f 338/572/526 404/712/672 406/713/673 351/573/568
f 977/584/578 407/583/577 352/551/551 922/711/671
f 340/605/552 405/709/669 408/710/670 358/606/591
f 416/718/675 415/719/676 412/720/677 411/721/678
f 418/722/679 417/723/680 410/724/681 409/725/682
f 417/723/680 416/718/675 411/721/678 410/724/681
f 415/719/676 414/726/648 413/727/651 412/720/677
f 415/728/676 985/729/683 984/730/649 414/731/648
f 327/517/517 897/732/684 896/733/685 326/522/522
f 410/724/681 980/734/686 979/735/687 409/725/682
f 417/736/680 987/737/688 986/738/689 416/739/675
f 322/740/520 892/741/690 891/742/691 321/743/521
f 411/721/678 981/744/692 980/734/686 410/724/681
f 329/408/408 899/407/407 898/745/693 328/516/516
f 323/746/519 893/747/694 892/741/690 322/740/520
f 412/720/677 982/748/695 981/744/692 411/721/678
f 413/727/651 983/749/650 982/748/695 412/720/677
f 324/750/518 894/751/696 893/747/694 323/746/519
f 416/739/675 986/738/689 985/729/683 415/728/676
f 325/752/523 895/753/697 894/751/696 324/750/518
f 328/516/516 898/745/693 897/732/684 327/517/517
f 326/754/522 896/755/685 895/756/697 325/757/523
f 418/758/679 988/759/698 987/737/688 417/736/680
f 798/760/414 228/761/426 227/762/449 797/763/397
f 358/606/591 408/710/670 433/714/674 419/525/525
f 408/710/670 403/596/586 432/563/562 433/714/674
f 365/611/596 397/639/618 431/632/613 425/625/608
f 360/595/585 390/612/597 430/624/607 420/564/563
f 375/654/630 379/661/635 428/764/647 427/651/628
f 370/638/617 375/654/630 427/651/628 426/633/614
f 397/639/618 370/638/617 426/633/614 431/632/613
f 390/612/597 365/611/596 425/625/608 430/624/607
f 403/596/586 360/595/585 420/564/563 432/563/562
f 355/600/588 356/599/587 422/549/549 421/557/557
f 356/599/587 357/602/589 423/543/543 422/549/549
f 357/602/589 359/604/590 424/524/524 423/543/543
f 359/604/590 358/606/591 419/525/525 424/524/524
f 646/765/699 647/766/189 572/767/188 568/768/700
f 561/769/701 537/770/702 518/771/703 520/772/704
f 601/773/1 602/774/705 496/775/706 455/776/2
f 571/777/176 442/778/92 541/779/707 570/780/708
f 455/776/2 496/775/706 497/781/709 456/782/9
f 461/783/19 502/784/710 505/785/711 494/786/20
f 459/787/15 500/788/712 501/789/713 460/790/16
f 594/791/11 595/792/714 498/793/715 457/794/12
f 462/795/23 503/796/716 504/797/717 463/798/24
f 566/799/5 567/800/718 499/801/719 458/802/6
f 491/803/31 509/804/720 506/805/721 480/806/32
f 499/801/719 500/788/712 459/787/15 458/802/6
f 494/786/20 505/785/711 503/796/716 462/795/23
f 490/807/35 508/808/722 509/804/720 491/803/31
f 492/809/27 510/810/723 511/811/724 493/812/28
f 460/790/16 501/789/713 502/784/710 461/783/19
f 504/797/717 508/808/722 490/807/35 463/798/24
f 464/813/39 512/814/725 516/815/726 483/816/40
f 483/816/40 516/815/726 513/817/727 465/818/43
f 465/818/43 513/817/727 517/819/728 484/820/45
f 480/806/32 506/805/721 510/810/723 492/809/27
f 493/812/28 511/811/724 507/821/729 481/822/37
f 484/820/45 517/819/728 514/823/730 466/824/47
f 482/825/49 515/826/731 512/814/725 464/813/39
f 485/827/52 520/772/704 518/771/703 467/828/55
f 507/821/729 515/826/731 482/825/49 481/822/37
f 479/829/51 519/830/732 520/772/704 485/827/52
f 467/828/55 518/771/703 521/831/733 486/832/59
f 514/823/730 522/833/734 489/834/57 466/824/47
f 489/834/57 522/833/734 519/830/732 479/829/51
f 468/835/61 523/836/735 525/837/736 487/838/62
f 487/838/62 525/837/736 524/839/737 469/840/65
f 521/831/733 523/836/735 468/835/61 486/832/59
f 449/841/76 548/842/738 549/843/739 450/844/79
f 726/845/740 723/846/84 684/847/83 687/848/741
f 530/849/742 434/850/103 708/851/320 707/852/743
f 450/844/79 549/843/739 550/853/744 451/854/85
f 713/855/745 714/856/329 750/857/145 751/858/746
f 526/859/747 488/860/68 469/840/65 524/839/737
f 700/861/314 701/862/316 705/863/748 704/864/749
f 539/865/750 557/866/751 678/867/752 679/868/753
f 719/869/754 718/870/90 755/871/89 756/872/755
f 725/873/756 724/874/757 685/875/758 686/876/759
f 579/877/760 1038/878/761 1036/879/762 574/880/763
f 564/881/764 478/882/277 640/883/276 643/884/765
f 735/885/346 737/886/347 734/887/766 732/888/767
f 453/889/69 527/890/768 495/891/769 454/892/70
f 538/893/770 558/894/771 730/895/772 729/896/773
f 648/897/774 645/898/775 498/793/715 573/899/776
f 737/886/347 736/900/344 733/901/777 734/887/766
f 478/882/277 564/881/764 740/902/778 741/903/99
f 528/904/73 529/905/779 527/890/768 453/889/69
f 707/852/743 708/851/320 745/906/318 744/907/780
f 720/908/781 719/869/754 756/872/755 759/909/782
f 448/910/75 547/911/783 548/842/738 449/841/76
f 539/865/750 440/912/296 742/913/284 739/914/784
f 518/771/703 537/770/702 558/894/771 521/831/733
f 748/915/123 743/916/785 703/917/786 472/918/124
f 444/919/119 543/920/787 544/921/788 445/922/120
f 747/923/789 746/924/790 705/863/748 702/925/791
f 600/926/125 603/927/792 545/928/793 446/929/126
f 751/858/746 750/857/145 694/930/144 698/931/794
f 447/932/135 546/933/795 547/911/783 448/910/75
f 759/909/782 756/872/755 692/934/796 757/935/797
f 752/936/798 749/937/799 696/938/800 697/939/801
f 558/894/771 538/893/770 523/836/735 521/831/733
f 523/836/735 538/893/770 557/866/751 525/837/736
f 557/866/751 539/865/750 524/839/737 525/837/736
f 524/839/737 539/865/750 564/881/764 526/859/747
f 446/929/126 545/928/793 546/933/795 447/932/135
f 753/940/131 752/936/798 697/939/801 693/941/132
f 743/916/785 747/923/789 702/925/791 703/917/786
f 657/942/113 658/943/802 552/944/803 471/945/107
f 598/946/109 635/947/112 634/948/804 597/949/805
f 471/945/107 552/944/803 540/950/806 441/951/91
f 434/850/103 530/849/742 551/952/807 470/953/104
f 502/784/710 585/954/808 588/955/809 505/785/711
f 507/821/729 532/956/810 559/957/811 515/826/731
f 500/788/712 583/958/812 581/959/813 501/789/713
f 563/960/814 535/961/815 514/823/730 517/819/728
f 629/962/816 610/963/817 621/964/818 628/965/819
f 560/966/820 536/967/821 519/830/732 522/833/734
f 514/823/730 535/961/815 560/966/820 522/833/734
f 512/814/725 533/968/822 562/969/823 516/815/726
f 556/970/824 532/956/810 507/821/729 511/811/724
f 613/971/825 623/972/826 622/973/827 618/974/828
f 510/810/723 555/975/829 556/970/824 511/811/724
f 519/830/732 536/967/821 561/769/701 520/772/704
f 624/976/830 612/977/831 1045/978/832 623/972/826
f 513/817/727 534/979/833 563/960/814 517/819/728
f 625/980/834 616/981/835 612/977/831 624/976/830
f 646/765/699 649/982/836 577/983/837 542/984/838
f 559/957/811 533/968/822 512/814/725 515/826/731
f 562/969/823 534/979/833 513/817/727 516/815/726
f 531/985/839 555/975/829 510/810/723 506/805/721
f 553/986/840 554/987/841 509/804/720 508/808/722
f 576/988/842 1037/989/843 1032/990/844 596/991/845
f 509/804/720 554/987/841 531/985/839 506/805/721
f 595/792/714 596/991/845 573/899/776 498/793/715
f 501/789/713 581/959/813 585/954/808 502/784/710
f 457/794/12 498/793/715 645/898/775 644/992/174
f 634/948/804 654/993/846 656/994/847 633/995/848
f 496/775/706 574/880/763 576/988/842 497/781/709
f 575/996/849 567/800/718 645/898/775 648/897/774
f 542/984/838 443/997/268 647/766/189 646/765/699
f 569/998/178 571/777/176 570/780/708 565/999/850
f 644/992/174 645/898/775 567/800/718 566/799/5
f 586/1000/851 499/801/719 567/800/718 575/996/849
f 499/801/719 586/1000/851 583/958/812 500/788/712
f 504/797/717 530/849/742 553/986/840 508/808/722
f 662/1001/852 546/933/795 545/928/793 659/1002/853
f 568/768/700 572/767/188 569/998/178 565/999/850
f 585/954/808 1026/1003/854 1027/1004/855 588/955/809
f 568/768/700 565/999/850 587/1005/856 578/1006/857
f 592/1007/200 593/1008/858 529/905/779 528/904/73
f 649/982/836 1039/1009/859 1028/1010/860 577/983/837
f 664/1011/861 548/842/738 547/911/783 663/1012/862
f 663/1012/862 547/911/783 546/933/795 662/1001/852
f 665/1013/863 549/843/739 548/842/738 664/1011/861
f 661/1014/864 665/1013/863 591/1015/865 589/1016/866
f 607/1017/867 605/1018/868 610/963/817 629/962/816
f 452/1019/202 589/1016/866 591/1015/865 590/1020/203
f 590/1020/203 591/1015/865 593/1008/858 592/1007/200
f 630/1021/869 631/1022/870 586/1000/851 575/996/849
f 580/1023/871 541/779/707 540/950/806 584/1024/872
f 599/1025/873 597/949/805 542/984/838 577/983/837
f 584/1024/872 540/950/806 552/944/803 588/955/809
f 620/1026/874 628/965/819 627/1027/875 604/1028/876
f 587/1005/856 565/999/850 570/780/708 582/1029/877
f 582/1029/877 570/780/708 541/779/707 580/1023/871
f 619/1030/878 616/981/835 625/980/834 615/1031/879
f 630/1021/869 1030/1032/880 1031/1033/881 578/1006/857
f 582/1029/877 1042/1034/882 1044/1035/883 587/1005/856
f 497/781/709 576/988/842 596/991/845 595/792/714
f 579/877/760 543/920/787 597/949/805 599/1025/873
f 666/1036/884 602/774/705 495/891/769 659/1002/853
f 603/927/792 544/921/788 574/880/763 666/1036/884
f 543/920/787 444/919/119 598/946/109 597/949/805
f 456/782/9 497/781/709 595/792/714 594/791/11
f 631/1022/870 1043/1037/885 1047/1038/886 586/1000/851
f 586/1000/851 1047/1038/886 614/1039/887 583/958/812
f 578/1006/857 587/1005/856 631/1022/870 630/1021/869
f 599/1025/873 1029/1040/888 1038/878/761 579/877/760
f 454/892/70 495/891/769 602/774/705 601/773/1
f 588/955/809 1027/1004/855 1046/1041/889 584/1024/872
f 596/991/845 1032/990/844 1033/1042/890 573/899/776
f 577/983/837 1028/1010/860 1029/1040/888 599/1025/873
f 542/984/838 633/995/848 632/1043/269 443/997/268
f 581/959/813 1040/1044/891 1026/1003/854 585/954/808
f 574/880/763 1036/879/762 1037/989/843 576/988/842
f 584/1024/872 1046/1041/889 611/1045/892 580/1023/871
f 654/993/846 638/1046/893 637/1047/894 656/994/847
f 656/994/847 637/1047/894 636/1048/272 653/1049/274
f 441/951/91 540/950/806 541/779/707 442/778/92
f 580/1023/871 611/1045/892 1042/1034/882 582/1029/877
f 648/897/774 1034/1050/895 1035/1051/896 575/996/849
f 583/958/812 614/1039/887 1040/1044/891 581/959/813
f 587/1005/856 1044/1035/883 1043/1037/885 631/1022/870
f 575/996/849 1035/1051/896 1030/1032/880 630/1021/869
f 607/1017/867 629/962/816 628/965/819 620/1026/874
f 650/1052/897 652/1053/898 626/1054/899 606/1055/900
f 615/1031/879 625/980/834 624/976/830 1041/1056/901
f 623/972/826 1045/978/832 617/1057/902 622/973/827
f 1041/1056/901 624/976/830 623/972/826 613/971/825
f 628/965/819 621/964/818 608/1058/903 627/1027/875
f 597/949/805 634/948/804 633/995/848 542/984/838
f 638/1046/893 639/1059/267 636/1048/272 637/1047/894
f 655/1060/264 639/1059/267 638/1046/893 654/993/846
f 741/903/99 740/902/778 670/1061/904 668/1062/100
f 652/1053/898 651/1063/905 609/1064/906 626/1054/899
f 573/899/776 1033/1042/890 1034/1050/895 648/897/774
f 568/768/700 578/1006/857 649/982/836 646/765/699
f 503/796/716 551/952/807 530/849/742 504/797/717
f 564/881/764 643/884/765 642/1065/907 526/859/747
f 593/1008/858 664/1011/861 663/1012/862 529/905/779
f 627/1027/875 608/1058/903 651/1063/905 652/1053/898
f 604/1028/876 627/1027/875 652/1053/898 650/1052/897
f 526/859/747 642/1065/907 641/1066/278 488/860/68
f 578/1006/857 1031/1033/881 1039/1009/859 649/982/836
f 633/995/848 656/994/847 653/1049/274 632/1043/269
f 635/947/112 655/1060/264 654/993/846 634/948/804
f 642/1065/907 643/884/765 640/883/276 641/1066/278
f 574/880/763 544/921/788 543/920/787 579/877/760
f 470/953/104 551/952/807 658/943/802 657/942/113
f 538/893/770 474/1067/335 677/1068/288 680/1069/908
f 438/1070/334 534/979/833 725/873/756 727/1071/299
f 666/1036/884 574/880/763 496/775/706 602/774/705
f 527/890/768 662/1001/852 659/1002/853 495/891/769
f 658/943/802 660/1072/909 588/955/809 552/944/803
f 603/927/792 666/1036/884 659/1002/853 545/928/793
f 503/796/716 660/1072/909 658/943/802 551/952/807
f 445/922/120 544/921/788 603/927/792 600/926/125
f 591/1015/865 665/1013/863 664/1011/861 593/1008/858
f 505/785/711 588/955/809 660/1072/909 503/796/716
f 667/1073/281 668/1062/100 670/1061/904 669/1074/910
f 740/902/778 739/914/784 669/1074/910 670/1061/904
f 701/862/316 473/1075/313 702/925/791 705/863/748
f 553/986/840 530/849/742 707/852/743 710/1076/911
f 716/1077/332 715/1078/912 752/936/798 753/940/131
f 739/914/784 742/913/284 667/1073/281 669/1074/910
f 749/937/799 754/1079/913 699/1080/914 696/938/800
f 473/1075/313 472/918/124 703/917/786 702/925/791
f 680/1069/908 677/1068/288 673/1081/287 676/1082/915
f 671/1083/293 672/1084/294 675/1085/916 674/1086/917
f 679/868/753 678/867/752 674/1086/917 675/1085/916
f 711/1087/324 706/1088/918 743/916/785 748/915/123
f 706/1088/918 709/1089/919 747/923/789 743/916/785
f 673/1081/287 671/1083/293 674/1086/917 676/1082/915
f 678/867/752 680/1069/908 676/1082/915 674/1086/917
f 681/1090/295 679/868/753 675/1085/916 672/1084/294
f 682/1091/341 729/896/773 733/901/777 736/900/344
f 558/894/771 537/770/702 728/1092/920 730/895/772
f 440/912/296 539/865/750 679/868/753 681/1090/295
f 684/847/83 477/1093/297 685/875/758 687/848/741
f 727/1071/299 725/873/756 686/876/759 683/1094/298
f 557/866/751 538/893/770 680/1069/908 678/867/752
f 477/1093/297 683/1094/298 686/876/759 685/875/758
f 722/1095/306 721/1096/921 691/1097/922 688/1098/305
f 721/1096/921 720/908/781 690/1099/923 691/1097/922
f 724/874/757 726/845/740 687/848/741 685/875/758
f 689/1100/300 758/1101/301 757/935/797 692/934/796
f 476/1102/302 688/1098/305 691/1097/922 690/1099/923
f 695/1103/311 475/1104/309 696/938/800 699/1080/914
f 754/1079/913 751/858/746 698/931/794 699/1080/914
f 694/930/144 695/1103/311 699/1080/914 698/931/794
f 475/1104/309 693/941/132 697/939/801 696/938/800
f 554/987/841 553/986/840 710/1076/911 709/1089/919
f 746/924/790 744/907/780 704/864/749 705/863/748
f 744/907/780 745/906/318 700/861/314 704/864/749
f 435/1105/323 531/985/839 706/1088/918 711/1087/324
f 529/905/779 663/1012/862 662/1001/852 527/890/768
f 550/853/744 549/843/739 665/1013/863 661/1014/864
f 531/985/839 554/987/841 709/1089/919 706/1088/918
f 531/985/839 435/1105/323 714/856/329 713/855/745
f 556/970/824 555/975/829 717/1106/924 712/1107/925
f 555/975/829 531/985/839 713/855/745 717/1106/924
f 437/1108/333 533/968/822 721/1096/921 722/1095/306
f 436/1109/331 532/956/810 715/1078/912 716/1077/332
f 559/957/811 532/956/810 719/869/754 720/908/781
f 532/956/810 436/1109/331 718/870/90 719/869/754
f 533/968/822 559/957/811 720/908/781 721/1096/921
f 532/956/810 556/970/824 712/1107/925 715/1078/912
f 562/969/823 533/968/822 726/845/740 724/874/757
f 534/979/833 562/969/823 724/874/757 725/873/756
f 533/968/822 437/1108/333 723/846/84 726/845/740
f 474/1067/335 538/893/770 729/896/773 682/1091/341
f 730/895/772 728/1092/920 732/888/767 734/887/766
f 729/896/773 730/895/772 734/887/766 733/901/777
f 537/770/702 738/1110/338 731/1111/337 728/1092/920
f 728/1092/920 731/1111/337 735/885/346 732/888/767
f 712/1107/925 717/1106/924 754/1079/913 749/937/799
f 717/1106/924 713/855/745 751/858/746 754/1079/913
f 564/881/764 539/865/750 739/914/784 740/902/778
f 710/1076/911 707/852/743 744/907/780 746/924/790
f 709/1089/919 710/1076/911 746/924/790 747/923/789
f 715/1078/912 712/1107/925 749/937/799 752/936/798
f 756/872/755 755/871/89 689/1100/300 692/934/796
f 757/935/797 758/1101/301 476/1102/302 690/1099/923
f 690/1099/923 720/908/781 759/909/782 757/935/797
f 537/770/702 561/769/701 767/1112/926 768/1113/927
f 770/1114/358 768/1113/927 764/1115/928 761/1116/357
f 769/1117/929 766/1118/351 762/1119/350 765/1120/930
f 768/1113/927 767/1112/926 763/1121/931 764/1115/928
f 767/1112/926 769/1117/929 765/1120/930 763/1121/931
f 536/967/821 439/1122/359 766/1118/351 769/1117/929
f 738/1110/338 537/770/702 768/1113/927 770/1114/358
f 762/1119/350 760/1123/356 763/1121/931 765/1120/930
f 760/1123/356 761/1116/357 764/1115/928 763/1121/931
f 561/769/701 536/967/821 769/1117/929 767/1112/926
f 563/960/814 534/979/833 781/1124/932 779/1125/933
f 772/1126/368 773/1127/369 776/1128/934 775/1129/935
f 781/1124/932 778/1130/363 774/1131/362 777/1132/936
f 780/1133/937 779/1125/933 775/1129/935 776/1128/934
f 774/1131/362 772/1126/368 775/1129/935 777/1132/936
f 771/1134/371 535/961/815 780/1133/937 782/1135/370
f 535/961/815 563/960/814 779/1125/933 780/1133/937
f 782/1135/370 780/1133/937 776/1128/934 773/1127/369
f 779/1125/933 781/1124/932 777/1132/936 775/1129/935
f 534/979/833 438/1070/334 778/1130/363 781/1124/932
f 536/967/821 560/966/820 790/1136/938 791/1137/939
f 783/1138/380 784/1139/381 787/1140/940 786/1141/941
f 792/1142/942 789/1143/375 785/1144/374 788/1145/943
f 791/1137/939 790/1136/938 786/1141/941 787/1140/940
f 785/1144/374 783/1138/380 786/1141/941 788/1145/943
f 535/961/815 771/1134/371 789/1143/375 792/1142/942
f 439/1122/359 536/967/821 791/1137/939 793/1146/382
f 793/1146/382 791/1137/939 787/1140/940 784/1139/381
f 790/1136/938 792/1142/942 788/1145/943 786/1141/941
f 560/966/820 535/961/815 792/1142/942 790/1136/938
f 817/390/390 816/389/389 832/1147/944 833/1148/945
f 821/392/392 820/386/386 836/1149/946 837/1150/947
f 825/396/396 824/395/395 840/1151/948 841/1152/949
f 814/415/415 813/400/400 829/1153/950 830/1154/951
f 818/402/402 817/390/390 833/1148/945 834/1155/952
f 822/404/404 821/392/392 837/1150/947 838/1156/953
f 810/411/411 825/396/396 841/1152/949 826/1157/954
f 815/416/416 814/415/415 830/1154/951 831/1158/955
f 798/414/414 797/397/397 813/400/400 814/415/415
f 811/412/412 810/411/411 826/1157/954 827/1159/956
f 823/418/418 822/404/404 838/1156/953 839/1160/957
f 812/399/399 811/412/412 827/1159/956 828/1161/958
f 816/389/389 815/416/416 831/1158/955 832/1147/944
f 820/386/386 819/385/385 835/1162/959 836/1149/946
f 824/395/395 823/418/418 839/1160/957 840/1151/948
f 813/400/400 812/399/399 828/1161/958 829/1153/950
f 833/1148/945 832/1147/944 848/1163/960 849/1164/961
f 829/1153/950 828/1161/958 844/1165/962 845/1166/963
f 841/1152/949 840/1151/948 856/1167/964 857/1168/965
f 837/1150/947 836/1149/946 852/1169/966 853/1170/967
f 834/1155/952 833/1148/945 849/1164/961 850/1171/968
f 830/1154/951 829/1153/950 845/1166/963 846/1172/969
f 827/1159/956 826/1157/954 842/1173/970 843/1174/971
f 838/1156/953 837/1150/947 853/1170/967 854/1175/972
f 826/1157/954 841/1152/949 857/1168/965 842/1173/970
f 831/1158/955 830/1154/951 846/1172/969 847/1176/973
f 835/1162/959 834/1155/952 850/1171/968 851/1177/974
f 832/1147/944 831/1158/955 847/1176/973 848/1163/960
f 828/1161/958 827/1159/956 843/1174/971 844/1165/962
f 819/385/385 818/402/402 834/1155/952 835/1162/959
f 839/1160/957 838/1156/953 854/1175/972 855/1178/975
f 836/1149/946 835/1162/959 851/1177/974 852/1169/966
f 849/1164/961 848/1163/960 864/1179/976 865/1180/977
f 853/1170/967 852/1169/966 868/1181/978 869/1182/979
f 857/1168/965 856/1167/964 872/1183/980 873/1184/981
f 840/1151/948 839/1160/957 855/1178/975 856/1167/964
f 845/1166/963 844/1165/962 860/1185/982 861/1186/983
f 850/1171/968 849/1164/961 865/1180/977 866/1187/984
f 854/1175/972 853/1170/967 869/1182/979 870/1188/985
f 843/1174/971 842/1173/970 858/1189/986 859/1190/987
f 847/1176/973 846/1172/969 862/1191/988 863/1192/989
f 842/1173/970 857/1168/965 873/1184/981 858/1189/986
f 855/1178/975 854/1175/972 870/1188/985 871/1193/990
f 851/1177/974 850/1171/968 866/1187/984 867/1194/991
f 848/1163/960 847/1176/973 863/1192/989 864/1179/976
f 844/1165/962 843/1174/971 859/1190/987 860/1185/982
f 856/1167/964 855/1178/975 871/1193/990 872/1183/980
f 852/1169/966 851/1177/974 867/1194/991 868/1181/978
f 865/1180/977 864/1179/976 880/1195/992 881/1196/993
f 869/1182/979 868/1181/978 884/1197/994 885/1198/995
f 873/1184/981 872/1183/980 888/1199/996 889/1200/997
f 862/1191/988 861/1186/983 877/1201/998 878/1202/999
f 866/1187/984 865/1180/977 881/1196/993 882/1203/1000
f 870/1188/985 869/1182/979 885/1198/995 886/1204/1001
f 858/1189/986 873/1184/981 889/1200/997 874/1205/1002
f 863/1192/989 862/1191/988 878/1202/999 879/1206/1003
f 846/1172/969 845/1166/963 861/1186/983 862/1191/988
f 859/1190/987 858/1189/986 874/1205/1002 875/1207/1004
f 871/1193/990 870/1188/985 886/1204/1001 887/1208/1005
f 860/1185/982 859/1190/987 875/1207/1004 876/1209/1006
f 864/1179/976 863/1192/989 879/1206/1003 880/1195/992
f 868/1181/978 867/1194/991 883/1210/1007 884/1197/994
f 872/1183/980 871/1193/990 887/1208/1005 888/1199/996
f 861/1186/983 860/1185/982 876/1209/1006 877/1201/998
f 890/1211/1008 888/1199/996 887/1208/1005 886/1204/1001
f 898/745/693 893/1212/694 894/1213/696 897/732/684
f 880/1195/992 890/1211/1008 882/1203/1000 881/1196/993
f 900/406/406 891/1214/691 892/1215/690 899/407/407
f 874/1205/1002 889/1200/997 888/1199/996 890/1211/1008
f 899/407/407 892/1215/690 893/1212/694 898/745/693
f 878/1202/999 890/1211/1008 880/1195/992 879/1206/1003
f 897/732/684 894/1213/696 895/1216/697 896/733/685
f 890/1211/1008 886/1204/1001 885/1198/995 884/1197/994
f 994/1217/1009 905/1218/1010 908/1219/665 989/1220/1011
f 876/1209/1006 890/1211/1008 878/1202/999 877/1201/998
f 882/1203/1000 890/1211/1008 884/1197/994 883/1210/1007
f 867/1194/991 866/1187/984 882/1203/1000 883/1210/1007
f 914/579/574 902/1221/1012 904/1222/1013 916/538/538
f 875/1207/1004 874/1205/1002 890/1211/1008 876/1209/1006
f 916/538/538 904/1222/1013 907/1223/1014 918/536/536
f 920/545/545 909/1224/1015 910/1225/619 922/711/671
f 918/536/536 907/1223/1014 909/1224/1015 920/545/545
f 993/1226/1016 906/1227/1017 905/1218/1010 994/1217/1009
f 972/582/576 969/1228/1018 912/1229/1019 924/702/662
f 991/1230/1020 901/1231/1021 903/1232/1022 992/1233/1023
f 992/1233/1023 903/1232/1022 906/1227/1017 993/1226/1016
f 903/1234/1022 915/1235/1024 917/1236/1025 906/1237/1017
f 907/1238/1014 927/1239/1026 929/1240/1027 909/1241/1015
f 902/1242/1012 925/1243/1028 926/1244/1029 904/1245/1013
f 901/1246/1021 913/1247/1030 915/1235/1024 903/1234/1022
f 963/1248/1031 962/700/660 933/699/659 931/1249/560
f 965/647/624 964/675/646 937/1250/570 939/656/632
f 998/1251/664 997/1252/1032 941/1253/1033 999/1254/640
f 996/1255/1034 936/1256/556 941/1253/1033 997/1252/1032
f 964/1257/646 967/1258/1035 940/576/571 937/575/570
f 959/701/661 961/1259/528 932/674/531 934/648/625
f 936/556/556 938/555/555 943/618/603 941/1260/1033
f 944/655/631 942/1261/573 946/1262/1036 948/717/643
f 942/578/573 945/577/572 949/1263/663 946/1264/1036
f 975/643/622 978/642/621 973/1265/1037 969/1266/1018
f 988/1267/698 979/735/687 980/734/686 987/1268/688
f 956/663/636 955/1269/1038 958/1270/1039 957/664/637
f 950/672/644 948/671/643 946/1271/1036 949/703/663
f 953/665/638 957/664/637 958/1270/1039 954/1272/658
f 951/1273/584 955/1269/1038 956/663/636 952/662/581
f 924/702/662 912/1229/1019 961/1259/528 959/701/661
f 931/1249/560 933/699/659 968/554/554 966/553/553
f 912/1274/1019 930/1275/1040 960/529/529 961/528/528
f 932/531/531 935/530/530 967/1258/1035 964/1257/646
f 911/1276/1041 923/607/592 962/700/660 963/1248/1031
f 990/1277/1042 911/1278/1041 963/1279/1031 1000/1280/1043
f 974/708/668 976/707/667 971/608/593 970/1281/1044
f 989/1220/1011 908/1219/665 974/1282/668 1003/1283/1045
f 1003/1283/1045 974/1282/668 970/1284/1044 1002/1285/1046
f 987/1268/688 980/734/686 981/744/692 986/1286/689
f 986/1286/689 981/744/692 982/748/695 985/1287/683
f 928/641/620 989/1220/1011 1003/1283/1045 978/642/621
f 925/1243/1028 991/1230/1020 992/1233/1023 926/1244/1029
f 999/1288/640 941/1260/1033 943/618/603 947/1289/641
f 927/1239/1026 993/1226/1016 994/1217/1009 929/1240/1027
f 960/529/529 1000/1280/1043 995/559/559 935/530/530
f 1000/1280/1043 963/1279/1031 931/560/560 995/559/559
f 429/1290/639 377/1291/642 373/617/602 371/657/629
f 428/764/647 429/1292/639 371/652/629 427/651/628
f 906/1237/1017 917/1236/1025 919/1293/1047 905/1294/1010
f 940/576/571 996/1255/1034 997/1252/1032 945/577/572
f 945/577/572 997/1252/1032 998/1251/664 949/1263/663
f 905/1294/1010 919/1293/1047 921/706/666 908/705/665
f 930/1275/1040 990/1277/1042 1000/1280/1043 960/529/529
f 970/1281/1044 971/608/593 923/607/592 911/1276/1041
f 935/530/530 995/559/559 1001/562/561 967/1258/1035
f 1002/1285/1046 970/1284/1044 911/1278/1041 990/1277/1042
f 904/1245/1013 926/1244/1029 927/1239/1026 907/1238/1014
f 978/642/621 1003/1283/1045 1002/1285/1046 973/1265/1037
f 929/1240/1027 994/1217/1009 989/1220/1011 928/641/620
f 969/1266/1018 973/1265/1037 930/1275/1040 912/1274/1019
f 926/1244/1029 992/1233/1023 993/1226/1016 927/1239/1026
f 967/1258/1035 1001/562/561 996/1255/1034 940/576/571
f 973/1265/1037 1002/1285/1046 990/1277/1042 930/1275/1040
f 380/673/645 950/672/644 999/667/640 429/666/639
f 377/1291/642 947/1289/641 943/618/603 373/617/602
f 954/1272/658 958/1270/1039 955/1269/1038 951/1273/584
f 939/656/632 369/629/610 395/628/609 965/647/624
f 368/619/604 938/555/555 968/554/554 398/646/623
f 985/1287/683 982/748/695 983/749/650 984/1295/649
f 934/648/625 364/621/606 389/620/605 959/701/661
f 398/646/623 968/554/554 933/699/659 363/615/600
f 922/711/671 910/1225/619 975/1296/622 977/584/578
f 924/702/662 354/540/540 402/539/539 972/582/576
f 392/616/601 962/700/660 923/607/592 353/569/566
f 977/584/578 975/1296/622 969/1228/1018 972/582/576
f 406/713/673 976/707/667 921/706/666 351/573/568
f 351/573/568 921/706/666 919/1293/1047 349/574/569
f 939/656/632 937/1250/570 942/1261/573 944/655/631
f 349/574/569 919/1293/1047 917/1236/1025 347/581/575
f 1001/562/561 966/561/553 936/1256/556 996/1255/1034
f 347/581/575 917/1236/1025 915/1235/1024 345/587/579
f 345/587/579 915/1235/1024 913/1247/1030 343/588/580
f 909/1241/1015 929/1240/1027 928/641/620 910/640/619
f 805/1297/391 235/1298/422 234/1299/447 804/1300/383
f 797/763/397 227/762/449 226/1301/445 796/1302/398
f 804/1300/383 234/1299/447 233/1303/443 803/1304/384
f 796/1302/398 226/1301/445 225/1305/439 795/1306/409
f 795/1306/409 225/1305/439 224/1307/442 794/1308/410
f 803/1304/384 233/1303/443 232/1309/437 802/1310/401
f 794/1311/410 224/1312/442 239/1313/435 809/1314/393
f 802/1315/401 232/1316/437 231/1317/433 801/1318/387
f 809/1314/393 239/1313/435 238/1319/431 808/1320/394
f 801/1318/387 231/1317/433 230/1321/429 800/1322/388
f 799/1323/413 229/1324/423 228/761/426 798/760/414
f 800/1322/388 230/1321/429 229/1324/423 799/1323/413
f 808/1320/394 238/1319/431 237/1325/427 807/1326/417
f 806/1327/403 236/1328/419 235/1298/422 805/1297/391
f 807/1326/417 237/1325/427 236/1328/419 806/1327/403
f 401/570/567 971/608/593 976/707/667 406/713/673
f 99/259/259 115/258/258 1004/1329/225 1005/1330/229
f 102/257/257 100/262/262 1006/1331/231 1007/1332/226
f 101/261/261 137/260/260 1008/1333/234 1009/1334/233
f 104/237/237 121/236/236 1010/1335/214 1011/1336/213
f 105/244/244 116/242/242 1012/1337/221 1013/1338/220
f 103/241/241 138/238/238 1014/1339/227 1015/1340/222
f 100/262/262 105/244/244 1013/1338/220 1006/1331/231
f 117/246/246 113/256/256 1017/1341/217 1016/1342/219
f 111/252/252 107/250/250 1018/1343/230 1019/1344/224
f 106/254/254 110/253/253 1020/1345/228 1021/1346/232
f 107/250/250 109/248/248 1022/1347/215 1018/1343/230
f 108/255/255 106/254/254 1021/1346/232 1023/1348/218
f 109/248/248 112/247/247 1024/1349/216 1022/1347/215
f 113/256/256 108/255/255 1023/1348/218 1017/1341/217
f 114/263/263 111/252/252 1019/1344/224 1025/1350/223
f 110/253/253 114/263/263 1025/1350/223 1020/1345/228
f 115/258/258 102/257/257 1007/1332/226 1004/1329/225
f 116/242/242 103/241/241 1015/1340/222 1012/1337/221
f 112/247/247 117/246/246 1016/1342/219 1024/1349/216
f 121/236/236 101/261/261 1009/1334/233 1010/1335/214
f 137/260/260 99/259/259 1005/1330/229 1008/1333/234
f 138/238/238 104/237/237 1011/1336/213 1014/1339/227
f 616/981/835 619/1030/878 1027/1351/855 1026/1352/854
f 608/1058/903 621/964/818 1029/1353/888 1028/1354/860
f 626/1054/899 609/1064/906 1031/1355/881 1030/1356/880
f 620/1026/874 604/1028/876 1033/1357/890 1032/1358/844
f 650/1052/897 606/1055/900 1035/1359/896 1034/1360/895
f 605/1018/868 607/1017/867 1037/1361/843 1036/1362/762
f 621/964/818 610/963/817 1038/1363/761 1029/1353/888
f 610/963/817 605/1018/868 1036/1362/762 1038/1363/761
f 651/1063/905 608/1058/903 1028/1354/860 1039/1364/859
f 612/977/831 616/981/835 1026/1352/854 1040/1365/891
f 1041/1056/901 613/971/825 1042/1366/882 611/1367/892
f 618/974/828 622/973/827 1043/1368/885 1044/1369/883
f 1045/978/832 612/977/831 1040/1365/891 614/1370/887
f 613/971/825 618/974/828 1044/1369/883 1042/1366/882
f 607/1017/867 620/1026/874 1032/1358/844 1037/1361/843
f 619/1030/878 615/1031/879 1046/1371/889 1027/1351/855
f 617/1057/902 1045/978/832 614/1370/887 1047/1372/886
f 615/1031/879 1041/1056/901 611/1367/892 1046/1371/889
f 622/973/827 617/1057/902 1047/1372/886 1043/1368/885
f 606/1055/900 626/1054/899 1030/1356/880 1035/1359/896
f 609/1064/906 651/1063/905 1039/1364/859 1031/1355/881
f 604/1028/876 650/1052/897 1034/1360/895 1033/1357/890
